time,vppfiltered
0.00999000000000017,0.000358337103856666
0.0299899900000007,0.000100878954982601
0.0499899900000003,0.000141460648893398
0.0699899899999998,0.000124120595099309
0.0899899899999994,0.000258757230799652
0.109989989999999,0.000156079006664803
0.12998999,0.000271532574196014
0.14998999,0.000280177735963954
0.169989989999999,0.000261680567321639
0.189989989999999,9.59967027045857e-05
0.20998999,0.000174560814176364
0.22998999,0.000245594805556482
0.24998999,0.000173513221443181
0.269989989999999,0.000317869362521112
0.28998999,0.000385101890883284
0.30998999,0.000146121053209986
0.32998999,0.000167972352887309
0.349989989999999,0.000162790050127522
0.369989990000001,0.000123028587731509
0.38998999,0.000231967048216318
0.40998999,0.000178698464642245
0.42998998,0.000237816076224396
0.44998998,0.000302558762812987
0.469989979999999,0.000171970243621833
0.489989980000001,0.000321223329010266
0.50998998,0.000143415426365265
0.52998998,0.000199416679858073
0.549989979999999,0.000169364095634475
0.569989979999999,0.000202811293576845
0.58998998,0.000209682506114131
0.60998998,0.000115392092907982
0.62998998,0.000453558930548862
0.649989979999999,0.000272950107941494
0.66998998,0.000226855808263941
0.68998998,0.000444828887359
0.70998998,0.000196954850266645
0.729989979999999,0.000176394140674939
0.749989980000001,0.000215035320132327
0.76998998,0.000487391579705268
0.78998998,0.00014881225760068
0.809989979999999,0.000159889972869404
0.82998997,0.000307560475352434
0.849989969999999,0.000108829248560686
0.869989970000001,0.000278307132658818
0.88998997,0.000292484707377447
0.90998997,0.000266299821707656
0.929989969999999,0.000216596844856715
0.949989969999999,0.000289693145578868
0.96998997,0.00026696662637917
0.98998997,0.000392691277188906
1.00998997,0.000329444147866446
1.02998997,0.000386227058124708
1.04998997,0.000366637767300021
1.06998997,0.000345827250051262
1.08998997,0.000205553199175154
1.10998997,0.000476971753763217
1.12998997,9.48863961453027e-05
1.14998997,0.00042393051958851
1.16998997,0.000110030003745539
1.18998997,0.000266816945913516
1.20998997,0.000441153572644806
1.22998996,0.000259477708161377
1.24998996,0.000176518501201221
1.26998996,0.000154915658090412
1.28998996,0.000191886970332709
1.30998996,0.000117722572704261
1.32998996,0.000103857948468132
1.34998996,0.000105665416194892
1.36998996,8.76845523313985e-05
1.38998996,0.0001306553033428
1.40998996,0.000129923543717523
1.42998996,8.97740408834329e-05
1.44998996,0.000268206727677857
1.46998996,0.000125551085612905
1.48998996,0.000631315087782
1.50998996,0.00030055933454996
1.52998996,0.000155299089132698
1.54998996,0.00025640728985167
1.56998996,0.000902646354271926
1.58998996,0.00022257187740907
1.60998996,0.000176918880483067
1.62998995,0.000244436869346589
1.64998995,0.000366987803666415
1.66998995,0.000222300878222269
1.68998995,0.000457588280431479
1.70998995,0.000343149493764
1.72998995,0.000548323138268149
1.74998995,0.000359117121465072
1.76998995,0.00027329529089278
1.78998995,0.000525095915615736
1.80998995,0.000220511030547172
1.82998995,0.000267902674871879
1.84998995,0.000509328338853407
1.86998995,0.000738359853296142
1.88998995,0.000629502920838324
1.90998995,0.000239261506331311
1.92998995,8.39508483360257e-05
1.94998995,0.000608515735945277
1.96998995,0.000242909778792387
1.98998995,0.000224042230257139
2.00998994,0.000397608894871496
2.02998994,0.000471444461013531
2.04998994,0.000242290110134248
2.06998994,0.000346333124413281
2.08998994,0.000252839792832194
2.10998994,0.00059262481136383
2.12998994,0.000283571253226082
2.14998994,0.000232860880882732
2.16998994,0.000358330837719439
2.18998994,0.000842531306991457
2.20998994,0.000593507738235739
2.22998994,0.000243058638229815
2.24998994,0.000183314105318221
2.26998994,0.000621509572460076
2.28998994,0.000315348534349325
2.30998994,0.000171125391969311
2.32998994,0.000304418713113388
2.34998994,0.000572382191356136
2.36998994,0.000276840705505323
2.38998994,0.000293874477503989
2.40998993,0.000144745701234441
2.42998993,0.000413031224751962
2.44998993,0.000828015963308307
2.46998993,0.000109477892991925
2.48998993,0.000278965603100861
2.50998993,0.000820915113787575
2.52998993,0.000881156050672152
2.54998993,0.000291846992672147
2.56998993,0.000490374814378922
2.58998993,0.000658771982991158
2.60998993,0.000357812381739375
2.62998993,0.000256919596014096
2.64998993,0.000232189269778814
2.66998993,0.000337569912771188
2.68998993,0.00021476342460053
2.70998993,0.000367366511573004
2.72998993,0.000550655330994367
2.74998993,0.00102455555805742
2.76998993,0.000513787656345165
2.78998993,0.00012799392212033
2.80998992,0.000341932335901524
2.82998992,0.000558662383572204
2.84998992,0.000415607875788152
2.86998992,0.000150968756709871
2.88998992,0.000176674312314522
2.90998992,0.000792185558555793
2.92998992,0.000736726278694365
2.94998992,0.000371541257880502
2.96998992,0.000120740700119961
2.98998992,0.000540991722941612
3.00998992,0.000470096562961142
3.02998992,0.000538481614959831
3.04998992,0.000223904729060501
3.06998992,0.000785561504505838
3.08998992,0.000909394308950084
3.10998992,0.00024502526393283
3.12998992,0.000344302939080612
3.14998992,0.000444634546435675
3.16998992,0.000617726266546803
3.18998992,0.000852806903174578
3.20998991,0.000117147832261871
3.22998991,0.000120182656514263
3.24998991,0.000571948344858228
3.26998991,0.000822493559959166
3.28998991,0.000168189087732747
3.30998991,0.000352060916918166
3.32998991,0.000917535631222096
3.34998991,0.000611721139482889
3.36998991,0.000163986724338117
3.38998991,0.000644425946775849
3.40998991,0.000554808369852565
3.42998991,0.00071733908848531
3.44998991,0.000145388479904359
3.46998991,0.000349085143113197
3.48998991,0.000195538733896741
3.50998991,0.000405323700513701
3.52998991,0.000183483028475475
3.54998991,0.000270706818158485
3.56998991,0.000130768431229457
3.5899899,0.000150632842137391
3.6099899,0.000103232816531594
3.6299899,0.000301026632878757
3.6499899,0.000107660158698922
3.6699899,0.000171244172616961
3.6899899,0.000329819824517647
3.7099899,0.000453559351653078
3.7299899,9.18921457935929e-05
3.7499899,0.000184315615097646
3.7699899,9.44480016356826e-05
3.7899899,0.000541311009910933
3.8099899,0.000360731663544687
3.8299899,0.00016526089807608
3.8499899,0.000164600369053928
3.8699899,0.000356673428688309
3.8899899,0.000189454467044216
3.9099899,0.000103471503983371
3.9299899,0.000273951423101469
3.9499899,0.00047479201768594
3.9699899,0.000246595679200255
3.98998989,0.000122954145597458
4.00998989,0.000300478290077382
4.02998989,0.00011041193433656
4.04998989,0.000228638060360382
4.06998989,0.000375721268991425
4.08998989,0.000207500292997398
4.10998989,0.000239181380709932
4.12998989,0.000195592397286722
4.14998989,0.000122597514254237
4.16998989,0.000258056204092973
4.18998989,0.000583914471346607
4.20998989,0.000175791099952866
4.22998989,0.000285663810732114
4.24998989,0.000111668276817465
4.26998989,0.000461324545167428
4.28998989,0.000459758265081867
4.30998989,0.000454126258505559
4.32998989,0.000223534818285626
4.34998989,0.00015066984143872
4.36998989,0.000398127282743093
4.38998988,0.000269506123259676
4.40998988,0.00019026349960105
4.42998988,0.000409867679419688
4.44998988,0.000154067134908572
4.46998988,0.000136513090788581
4.48998988,0.000434842464217126
4.50998988,0.000202413778430128
4.52998988,0.000174228294179908
4.54998988,0.000305710773610358
4.56998988,0.000176656691455335
4.58998988,0.000128839053657864
4.60998988,0.000554384423605978
4.62998988,0.000174707995135465
4.64998988,0.000221029503384979
4.66998988,0.000472774372616402
4.68998988,0.000207062192944541
4.70998988,0.000149160905641704
4.72998988,0.000316039550486634
4.74998988,0.000125521870803676
4.76998988,0.000184300834985551
4.78998987,0.000149962169763769
4.80998987,0.000135950645284826
4.82998987,0.000291093005741935
4.84998987,0.00028434078215151
4.86998987,0.00016516738905321
4.88998987,0.00043263316000932
4.90998987,0.000505962079986814
4.92998987,0.000206258806537637
4.94998987,0.000332584085143967
4.96998987,0.000164241056285994
4.98998987,0.000128821007528403
5.00998987,0.000180230334479985
5.02998987,0.000218822376327991
5.04998987,0.000196049469599451
5.06998987,0.000236199656555655
5.08998987,0.000333030505432793
5.10998987,0.000297926464537939
5.12998987,0.000255826355856286
5.14998987,0.00010212251779858
5.16998987,0.000203332882479701
5.18998986,0.000170073719206063
5.20998986,0.000156941721929156
5.22998986,0.000105641067140571
5.24998986,0.000134165414114274
5.26998986,0.00021454503807237
5.28998986,0.000291994892666151
5.30998986,0.000328671411158303
5.32998986,0.000413016541416393
5.34998986,0.000330412695209788
5.36998986,0.000196494320617579
5.38998986,0.000353177562070185
5.40998986,0.000195552944345888
5.42998986,0.000211729682675076
5.44998986,0.000121520077275146
5.46998986,0.000204426652981531
5.48998986,8.88599438896203e-05
5.50998986,0.000505088616517371
5.52998986,0.000301833605106257
5.54998986,0.000551740120947205
5.56998985,0.000661976030500993
5.58998985,0.000296888394581698
5.60998985,0.000200633205127136
5.62998985,0.000229505914604302
5.64998985,0.000729367687427876
5.66998985,0.000447093371477113
5.68998985,0.000376818753910342
5.70998985,0.000124751531951811
5.72998985,0.000143480414755629
5.74998985,0.00021428977433131
5.76998985,0.000214377547670176
5.78998985,0.000310173585564994
5.80998985,0.00070699477400534
5.82998985,0.000483677524289678
5.84998985,0.000224031203873729
5.86998985,0.000584240744841248
5.88998985,0.000173666264518812
5.90998985,0.000547510372074813
5.92998985,0.000839717751718733
5.94998985,0.000469292600790853
5.96998984,0.000100316886893802
5.98998984,0.000616505290326134
6.00998984,0.000289350638981684
6.02998984,0.000169415524929354
6.04998984,0.000583032223741406
6.06998984,0.000583167844895697
6.08998984,0.000826687088438739
6.10998984,9.66336948062269e-05
6.12998984,0.000259491865121466
6.14998984,0.000199112759209506
6.16998984,0.000676190130911112
6.18998984,0.000481760204320562
6.20998984,0.000378775279806665
6.22998984,9.89937238878999e-05
6.24998984,0.00106416976652433
6.26998984,0.000391871376606868
6.28998984,0.000190127581429788
6.30998984,0.000103419772748673
6.32998984,0.000830948976908833
6.34998984,0.000578393828349115
6.36998983,0.000145800749850433
6.38998983,0.000318713755215734
6.40998983,0.000207289183768873
6.42998983,0.000665834264281964
6.44998983,0.000725326798292181
6.46998983,0.000379956277220273
6.48998983,0.000456257596404218
6.50998983,0.000201937760731333
6.52998983,0.00051168317560375
6.54998983,0.000103904063066861
6.56998983,0.000184275246968292
6.58998983,0.000247032737413564
6.60998983,0.000177995472154774
6.62998983,0.000149659049160139
6.64998983,0.000117328533519342
6.66998983,0.00101613487282014
6.68998983,0.000129868841594459
6.70998983,0.000158438624419453
6.72998983,0.000434366856687607
6.74998983,0.000385973881778329
6.76998982,0.000154155063427934
6.78998982,0.000228733872260683
6.80998982,0.000362425055741639
6.82998982,0.000221829275227154
6.84998982,0.000304469276029684
6.86998982,9.3944794823867e-05
6.88998982,0.000663599432243048
6.90998982,0.000612629781234235
6.92998982,0.000117551564344607
6.94998982,0.000268269758657601
6.96998982,0.000910149270935202
6.98998982,0.000870788008225342
7.00998982,0.000256461358149529
7.02998982,0.000181106280342176
7.04998982,0.000272674537308167
7.06998982,0.000530261817108645
7.08998982,0.000296742877738653
7.10998982,0.000194338078315598
7.12998982,0.0009406149858598
7.14998982,0.000752633430179624
7.16998981,0.000250559913711303
7.18998981,0.000298842015471516
7.20998981,0.000108025892623076
7.22998981,0.000334541894212753
7.24998981,0.000182036096679866
7.26998981,0.000194713060199994
7.28998981,0.000104588628103375
7.30998981,0.00079890947771939
7.32998981,8.73500319263651e-05
7.34998981,0.000136821975257029
7.36998981,0.000190688462812417
7.38998981,0.000580461357917032
7.40998981,0.000756043558360089
7.42998981,0.000337403592495798
7.44998981,0.000357307454895024
7.46998981,0.000607783470854364
7.48998981,0.000218575389197075
7.50998981,0.000212600967878489
7.52998981,0.000391145779847418
7.5499898,0.000144923681166462
7.5699898,0.000454416623270412
7.5899898,0.000322588489226692
7.6099898,0.000217112191636816
7.6299898,0.000141502656985842
7.6499898,0.000356867549583674
7.6699898,9.41270273785769e-05
7.6899898,0.000144194631636401
7.7099898,0.000283244726580163
7.7299898,0.0005013757231028
7.7499898,0.000193555575291507
7.7699898,0.000314138809318216
7.7899898,0.000159970548214341
7.8099898,0.000151000915043327
7.8299898,0.000279333952344467
7.8499898,0.0002418045032023
7.8699898,0.000129398414461123
7.8899898,0.000178192438633389
7.9099898,0.000223841752963989
7.9299898,0.000345521375584004
7.94998979,0.000254998213157208
7.96998979,0.000208650014103784
7.98998979,8.70540323113173e-05
8.00998979,0.000182038613879219
8.02998979,0.000176308970578449
8.04998979,0.000361770084175289
8.06998979,0.000116100117162212
8.08998979,0.000122443510390786
8.10998979,8.24097143219429e-05
8.12998979,0.000199438421759434
8.14998979,9.73404157284091e-05
8.16998979,0.000157227154589139
8.18998979,0.000264031501958662
8.20998979,0.000233797026604784
8.22998979,0.00018953416915865
8.24998979,0.00018018756383279
8.26998979,0.000116153814509592
8.28998979,0.000283479066162038
8.30998979,9.57329410085795e-05
8.32998979,0.0003412883297653
8.34998978,0.000377721695547888
8.36998978,0.000159328342131436
8.38998978,0.000503268591995253
8.40998978,0.000266480174041277
8.42998978,7.95423414448747e-05
8.44998978,0.000142406599182932
8.46998978,0.000124876341085367
8.48998978,0.000267746369569004
8.50998978,0.000362867414862475
8.52998978,0.000313329846252548
8.54998978,0.000253973054770485
8.56998978,0.000215478461123571
8.58998978,0.000232745501598638
8.60998978,0.000241008785748393
8.62998978,0.000375204093689637
8.64998978,0.000256351767079435
8.66998978,0.000198212187140607
8.68998978,0.000390821220758768
8.70998978,0.000541971387790092
8.72998978,8.06470319979635e-05
8.74998977,0.000241992440071397
8.76998977,0.000247312135585132
8.78998977,0.000175338294989971
8.80998977,0.000118212236103877
8.82998977,0.000310653433362672
8.84998977,0.00027527170504729
8.86998977,0.000292804567422842
8.88998977,0.000278330018281676
8.90998977,0.00011335130796824
8.92998977,0.000102475295438611
8.94998977,9.14480861087599e-05
8.96998977,0.000197770426647418
8.98998977,0.000380981873862756
9.00998977,0.000263926243644165
9.02998977,0.000331940313181924
9.04998977,0.000198333087305929
9.06998977,0.000311120248778189
9.08998977,0.00011040808693591
9.10998977,0.00017607623205091
9.12998977,0.000420238521040615
9.14998976,0.000205655065044293
9.16998976,9.23346383807804e-05
9.18998976,0.000291934585861016
9.20998976,0.000163912502852401
9.22998976,0.000243045229730492
9.24998976,0.000313736395382507
9.26998976,0.000338435502773369
9.28998976,0.000206938059423764
9.30998976,0.000105467971649567
9.32998976,0.000251835033921589
9.34998976,0.000149233849805904
9.36998976,0.00020363290521493
9.38998976,0.000186858596646891
9.40998976,0.000302972068564778
9.42998976,0.000580084798183534
9.44998976,0.00032451533797507
9.46998976,0.000220547098397944
9.48998976,0.000395780767774979
9.50998976,0.000175197413447888
9.52998975,0.000247990847997256
9.54998975,0.000321846842884647
9.56998975,0.000637529154880499
9.58998975,0.000465077228219935
9.60998975,0.000209532532768612
9.62998975,0.000173443865988101
9.64998975,0.000563011861059565
9.66998975,0.000585026410801598
9.68998975,0.000158622107237608
9.70998975,0.000109106410690681
9.72998975,0.000112649828505804
9.74998975,0.00088517309399988
9.76998975,0.000828956174258428
9.78998975,0.000399342102200543
9.80998975,0.000179138681382519
9.82998975,0.00107835367641784
9.84998975,0.000945083853954536
9.86998975,0.000197774557790685
9.88998975,0.000165796614848898
9.90998975,0.000953655043563862
9.92998974,0.000136374133882716
9.94998974,0.000339398771009449
9.96998974,0.000193754491231955
9.98998974,0.000573690652720878
10.00998974,0.000651212718537563
10.02998974,0.000239394543402113
10.04998974,0.000484020880778666
10.06998974,0.000329733105729889
10.08998974,0.000630080912160402
10.10998974,0.000132591430159198
10.12998974,0.00034938108690372
10.14998974,0.000338539162342118
10.16998974,0.000657735005667376
10.18998974,0.000397872632178848
10.20998974,0.000240402582922227
10.22998974,8.42237628556224e-05
10.24998974,0.000610274697824644
10.26998974,0.000493739548434195
10.28998974,0.000180802969199106
10.30998974,0.000971868664405624
10.32998973,0.000382448007032101
10.34998973,0.000141274878841255
10.36998973,0.000119620598339803
10.38998973,0.000190843455402022
10.40998973,0.000500879929490079
10.42998973,0.000176997920751174
10.44998973,0.000350190467100657
10.46998973,0.000496739002520553
10.49000973,0.000786303684754409
10.51000973,0.000255862341508449
10.53000973,0.000273022066077003
10.55000973,0.000917581309858079
10.57000973,0.000543317465621528
10.59000973,0.000358597113950404
10.61000973,0.000253814709006229
10.63000973,0.000181457135012147
10.65000973,0.00047667294137662
10.67000973,0.000243921239868863
10.69000973,0.000135772566586896
10.71000973,0.000211963257601421
10.73000972,0.00030584047692529
10.75000972,0.000292453688615543
10.77000972,0.000201010466742864
10.79000972,0.000701366698634331
10.81000972,0.00059813815808395
10.83000972,0.00050934690805942
10.85000972,0.000266869639556198
10.87000972,0.000111157704514481
10.89000972,0.000914135230560726
10.91000972,0.000287290387764472
10.93000972,0.000117337674600457
10.95000972,0.00016385508329379
10.97000972,0.000804043780936758
10.99000972,0.000558560275060303
11.01000972,0.000130886533553977
11.03000972,0.000294058991052106
11.05000972,0.000680402988053446
11.07000972,0.000744193751884688
11.09000972,0.000273876588665358
11.11000972,9.28663948781474e-05
11.13000971,0.00103633664320674
11.15000971,0.000127440738679733
11.17000971,0.000309781839628572
11.19000971,8.10644067251705e-05
11.21000971,0.000115590080508593
11.23000971,0.000153835120098801
11.25000971,0.000143040974056419
11.27000971,0.00011279079507953
11.29000971,0.000514945341391832
11.31000971,0.000241427887977745
11.33000971,0.000158596294242579
11.35000971,0.000119805079939165
11.37000971,0.000660279338091688
11.39000971,0.000325647222009755
11.41000971,0.000249725365684189
11.43000971,0.000249236939294274
11.45000971,0.000269683154644517
11.47000971,0.000221473103901334
11.49000971,0.000204776106202459
11.5100097,0.000318076745848538
11.5300097,0.000224534440662606
11.5500097,0.000158468181401619
11.5700097,0.000182868713561131
11.5900097,0.000155436458362816
11.6100097,0.000131842499368592
11.6300097,0.000185100085982014
11.6500097,0.000148766430952816
11.6700097,0.000371892167332262
11.6900097,0.000407094380280427
11.7100097,0.000273700638849693
11.7300097,0.000163242739928706
11.7500097,0.000406112511174235
11.7700097,0.000186012150153748
11.7900097,8.3464755830028e-05
11.8100097,0.000272542807170252
11.8300097,0.000420785136976541
11.8500097,0.00015276643768095
11.8700097,0.000148402323425522
11.8900097,0.000143355975311518
11.91000969,0.000145803403180404
11.93000969,0.000208965537752434
11.95000969,0.000417378240779333
11.97000969,0.000262888213925742
11.99000969,0.000302582041435223
12.01000969,0.000198318178687901
12.03000969,0.000302303093180679
12.05000969,0.000290661598188487
12.07000969,0.000291250858464112
12.09000969,0.000258071291001616
12.11000969,0.000232204742133252
12.13000969,0.000200753355626054
12.15000969,0.000163822203612592
12.17000969,0.00018419224923501
12.19000969,0.000159514635887015
12.21000969,0.000112458242880319
12.23000969,0.000128568097353604
12.25000969,0.000598102297215638
12.27000969,0.000309204412695515
12.29000969,9.66520135093623e-05
12.31000968,0.000220185547341042
12.33000968,0.000128827054727404
12.35000968,0.000253541368408019
12.37000968,0.000235232054832696
12.39000968,0.000109752447917127
12.41000968,0.000185199761753687
12.43000968,0.000191267060539234
12.45000968,0.000164926880840577
12.47000968,0.000346826037486549
12.49000968,0.000218187056819795
12.51000968,0.000286243313289244
12.53000968,0.000158342415753276
12.55000968,0.000212771050714439
12.57000968,0.000266944070533764
12.59000968,0.000155244472272528
12.61000968,0.000280679100921505
12.63000968,0.000246242444467434
12.65000968,8.57940443161943e-05
12.67000968,0.000152045957256088
12.69000968,0.000234636753984163
12.71000967,0.000103154395696179
12.73000967,0.000311343944612048
12.75000967,0.000375404814274183
12.77000967,0.000275211920200772
12.79000967,0.000193554615819236
12.81000967,0.000280449153538408
12.83000967,0.000413915136681988
12.85000967,0.000383319736541865
12.87000967,0.000331323290306198
12.89000967,0.000110869534121789
12.91000967,0.00014185652767099
12.93000967,0.000325296682176526
12.95000967,0.000275576141441514
12.97000967,0.000414665320791921
12.99000967,0.000220178119708259
13.01000967,0.000329823958590514
13.03000967,0.000424905301633734
13.05000967,0.000354563520693707
13.07000967,0.000192504789130156
13.09000966,0.000444494227458469
13.11000966,0.00027908478929558
13.13000966,0.000172830077643518
13.15000966,0.000405557638383682
13.17000966,0.000428140959053305
13.19000966,0.00025515631118374
13.21000966,0.000137615551554298
13.23000966,0.000183926625596892
13.25000966,0.000307895512745096
13.27000966,9.79152352920019e-05
13.29000966,0.000184754391515908
13.31000966,0.000104103102406852
13.33000966,0.000189611054946425
13.35000966,0.000140444376081271
13.37000966,0.0001368952628748
13.39000966,0.000130896283046699
13.41000966,0.000213827774560901
13.43000966,0.000258717885189792
13.45000966,0.000380442922838046
13.47000966,0.000176736063934644
13.49000965,0.000123640165004674
13.51000965,0.00040992422022984
13.53000965,0.000254020884041858
13.55000965,0.00018443271591147
13.57000965,0.00102548866975131
13.59000965,0.000116291783383132
13.61000965,0.000144054981232983
13.63000965,0.000491564907535744
13.65000965,0.000164080162013891
13.67000965,0.00085646871879516
13.69000965,0.000890255891658277
13.71000965,0.000220691945696064
13.73000965,9.73117338051417e-05
13.75000965,0.000368497059803491
13.77000965,0.000633885646595646
13.79000965,0.000541297650570698
13.81000965,0.000232191659983077
13.83000965,0.000187498128363122
13.85000965,0.000578744365508641
13.87000965,0.000125104257871786
13.89000964,0.000119729073597838
13.91000964,0.00045367188631894
13.93000964,0.00098191642306073
13.95000964,7.96194201746987e-05
13.97000964,0.00016335204198013
13.99000964,0.000307358924737816
14.01000964,0.00069348143203138
14.03000964,0.000155681164214698
14.05000964,0.000228612789485056
14.07000964,0.000353490893331805
14.09000964,0.000276078899949486
14.11000964,0.000140280978025819
14.13000964,0.000152571116234773
14.15000964,0.000156348652510479
14.17000964,0.000581684284740545
14.19000964,0.000393419647879961
14.21000964,0.000296523081115943
14.23000964,0.000257096939899686
14.25000964,0.000490425050164023
14.27000964,0.000127146413613913
14.29000963,0.000119507542369826
14.31000963,0.000107875242348721
14.33000963,0.00024872768726822
14.35000963,0.000139116407752491
14.37000963,0.000139584989379001
14.39000963,0.000266919324178149
14.41000963,0.000872757505175527
14.43000963,0.000187375353605221
14.45000963,0.00014752046303536
14.47000963,0.000132767013768289
14.49000963,0.000199541506511171
14.51000963,0.000327877341219937
14.53000963,0.000262155896624312
14.55000963,0.00097719944503175
14.57000963,0.000104678907277945
14.59000963,0.000227810999868088
14.61000963,0.000624618874294833
14.63000963,0.00106786605072361
14.65000963,0.000425587941805559
14.67000963,0.000282549860426444
14.69000962,0.000326614773039408
14.71000962,0.000283086210209566
14.73000962,0.000235389541240618
14.75000962,0.000296993480400189
14.77000962,0.00071297831834596
14.79000962,0.000671655913892749
14.81000962,0.000275942816065868
14.83000962,0.000389515536757252
14.85000962,0.000620520014596894
14.87000962,0.000461756544038475
14.89000962,0.000590664787691405
14.91000962,0.000220225603062577
14.93000962,0.00034251207561405
14.95000962,0.000255126468438415
14.97000962,0.000143665947873681
14.99000962,0.00021947362163232
15.01000962,0.00025359187499894
15.03000962,0.000270080685824059
15.05000962,0.000182844055913371
15.07000961,0.000193997579948432
15.09000961,0.000367537281283849
15.11000961,0.000532737922846793
15.13000961,0.000231288142141891
15.15000961,0.000185974353763178
15.17000961,0.000580722236985876
15.19000961,0.000652537442963158
15.21000961,0.000149381036444183
15.23000961,8.77418725903035e-05
15.25000961,0.000255113482257835
15.27000961,0.000731466598607554
15.29000961,0.000317943707261522
15.31000961,0.000141692427885058
15.33000961,0.000361207332970629
15.35000961,0.000720878879582525
15.37000961,0.000432278436865693
15.39000961,0.000220876763879656
15.41000961,0.000270099172033221
15.43000961,0.000208123379957405
15.45000961,0.000267073422116127
15.4700096,0.000133873445289328
15.4900096,0.000322862966974391
15.5100096,0.00111985403134105
15.5300096,0.000154036683128419
15.5500096,0.000254885645029117
15.5700096,8.93615786227802e-05
15.5900096,0.000333659518304777
15.6100096,0.000124810607483207
15.6300096,0.000222208498569749
15.6500096,0.000344906301158892
15.6700096,0.00016065374804183
15.6900096,0.000205284533496372
15.7100096,9.85477787701312e-05
15.7300096,0.00017413345144315
15.7500096,0.00020852136553852
15.7700096,0.000116267715999974
15.7900096,0.000196000297764671
15.8100096,0.000187736933518284
15.8300096,0.000238671636823959
15.8500096,0.000329610893901807
15.87000959,0.00022025306594094
15.89000959,0.000186380390420523
15.91000959,0.000329992011512727
15.93000959,0.000166791345102884
15.95000959,0.000220486570648503
15.97000959,0.000245304872976061
15.99000959,0.000328682215410449
16.01000959,0.000224648559906984
16.03000959,0.000263084308939977
16.05000959,0.000175975858435388
16.07000959,0.000389323894405481
16.09000959,0.000258453831531785
16.11000959,0.000199451621401123
16.13000959,0.000106411012149794
16.15000959,0.000297460495010729
16.17000959,0.00041366022755989
16.19000959,0.00023160302303179
16.21000959,0.000373576642500038
16.23000959,0.000284393182294001
16.25000959,0.000310709368493808
16.27000958,0.000326842584683002
16.29000958,0.000247064549501597
16.31000958,0.000137903711652464
16.33000958,0.000213538317589127
16.35000958,0.000431277456498071
16.37000958,0.00010791892258234
16.39000958,0.000235767818062866
16.41000958,0.000136515703339644
16.43000958,0.000149866477481539
16.45000958,0.000174484024920017
16.47000958,0.00019963260262235
16.49000958,0.000188052032434572
16.51000958,0.00028444129387156
16.53000958,0.000137685329477526
16.55000958,0.000260371246605255
16.57000958,0.00012967732593911
16.59000958,0.000104828788992775
16.61000958,0.00010440350998633
16.63000958,0.000144687041658899
16.65000958,0.000451515853060212
16.67000957,0.000181367763313877
16.69000957,0.000123884614921382
16.71000957,0.000227103561666212
16.73000957,0.000159810487679664
16.75000957,0.000236312538301566
16.77000957,0.00052973939598077
16.79000957,0.00037447433206464
16.81000957,0.000241408251749366
16.83000957,0.000368482191053743
16.85000957,0.000166142898113033
16.87000957,0.000208847986425042
16.89000957,0.000335668484488
16.91000957,0.000265530145955142
16.93000957,0.000331162638646305
16.95000957,0.000537182434637438
16.97000957,8.21605109549133e-05
16.99000957,0.000164727318687522
17.01000957,0.000375128107831338
17.03000957,0.000172335577770487
17.05000956,0.000178893383502711
17.07000956,0.000142614930221444
17.09000956,0.000246593132379412
17.11000956,0.000103790492228101
17.13000956,0.000253280290215076
17.15000956,0.000159304503394256
17.17000956,0.000145814956331287
17.19000956,0.000224112086860498
17.21000956,0.000401309336008505
17.23000956,8.70151015600799e-05
17.25000956,0.000149521409542008
17.27000956,0.000256052361580244
17.29000956,0.000204442836638815
17.31000956,0.000269782281261682
17.33000956,0.000141513005088949
17.35000956,0.000136069246647766
17.37000956,0.000311649283550504
17.39000956,0.000230743518685464
17.41000956,0.00014598270079479
17.43000956,0.000269439602830269
17.45000955,0.000531268804891081
17.47000955,0.00029222213875058
17.49000955,0.000439964438498041
17.51000955,0.000233289785035907
17.53000955,0.000261226410558153
17.55000955,0.00020377968032286
17.57000955,0.000334659689446128
17.59000955,0.000812464519833875
17.61000955,0.00065793041085599
17.63000955,0.000132448681341016
17.65000955,0.000114801144999683
17.67000955,0.000274953616757561
17.69000955,0.000397419651484176
17.71000955,0.000281689008477026
17.73000955,0.000324060178653554
17.75000955,0.000189494748076805
17.77000955,0.00101658148953863
17.79000955,0.000569331073380591
17.81000955,0.000141272859474735
17.83000955,0.000152572794365584
17.85000954,0.000640108273537134
17.87000954,0.000191691702186967
17.89000954,0.000337856691300762
17.91000954,0.000186361339642355
17.93000954,0.000301339366121855
17.95000954,0.000128030066977093
17.97000954,0.000216343141892778
17.99000954,0.000113633258431462
18.01000954,0.000871479520375483
18.03000954,0.000223116519920516
18.05000954,0.000299388805521303
18.07000954,8.63033096388432e-05
18.09000954,0.000649295488422713
18.11000954,0.00025481110807198
18.13000954,0.000208021909222458
18.15000954,0.000554825543262116
18.17000954,0.000438349804028261
18.19000954,0.00015667065101531
18.21000954,0.000362610795156109
18.23000954,0.000567844181399317
18.25000953,0.000189836077783433
18.27000953,0.000137845675866432
18.29000953,0.000209330594706315
18.31000953,0.000433786157940846
18.33000953,0.000417772676648051
18.35000953,0.000286919925675465
18.37000953,0.000333067820764613
18.39000953,0.00096398382115146
18.41000953,0.000238199707735339
18.43000953,0.000113377855936968
18.45000953,0.000333002110968296
18.47000953,0.000486280265538616
18.49000953,9.75229653358966e-05
18.51000953,0.000123393813107747
18.53000953,0.000612866910573936
18.55000953,0.000286159419387393
18.57000953,0.000527878562129659
18.59000953,0.000179646923188996
18.61000953,0.000157567669715509
18.63000953,0.00106778608068532
18.65000952,0.000291308516289186
18.67000952,0.00020540049876239
18.69000952,0.000315533295596563
18.71000952,0.000728308468047213
18.73000952,0.000321911850956018
18.75000952,0.000382709260797031
18.77000952,0.000437161211174565
18.79000952,0.000504329817058971
18.81000952,0.000140158123024203
18.83000952,0.000211321498564929
18.85000952,0.000251100536830138
18.87000952,0.000790422439881576
18.89000952,0.000338957015978234
18.91000952,0.000172180647493016
18.93000952,0.000693255076664837
18.95000952,0.000666695472818826
18.97000952,0.000270846411205472
18.99000952,0.000260431933139191
19.01000952,0.000347130152334257
19.03000951,0.000748266031877119
19.05000951,0.000250877495018692
19.07000951,0.000216317493977588
19.09000951,0.000243519416307999
19.11000951,0.000489529105174513
19.13000951,0.000186180933446671
19.15000951,0.000143204617357827
19.17000951,0.000465130270153389
19.19000951,0.00113074448389722
19.21000951,0.000958737742464909
19.23000951,0.000138942544193269
19.25000951,0.000151536775926414
19.27000951,0.000416800758080156
19.29000951,0.000281377485479949
19.31000951,0.000343975550800721
19.33000951,0.000164588961597043
19.35000951,0.000431409590625172
19.37000951,0.00016032309977865
19.39000951,0.00023992579933023
19.41000951,0.000219039226679798
19.4300095,0.000753225363272425
19.4500095,0.000690897760454262
19.4700095,0.00010968518300257
19.4900095,0.000154887055900145
19.5100095,0.000910162332259067
19.5300095,0.000166648171000793
19.5500095,0.000231594306632646
19.5700095,0.000450442202556751
19.5900095,0.000120573170783526
19.6100095,0.000130321259961658
19.6300095,0.000206863343934039
19.6500095,0.000363548291981646
19.6700095,0.000451765070158046
19.6900095,0.000138465924878603
19.7100095,0.000330381097618628
19.7300095,0.000237943287970289
19.7500095,0.000223527763786673
19.7700095,0.000201418088908465
19.7900095,0.000129471387341236
19.8100095,0.000166278887756907
19.83000949,0.000261138600252002
19.85000949,8.59840457953465e-05
19.87000949,0.000181770473284803
19.89000949,0.000256023599738314
19.91000949,0.000230440893176488
19.93000949,0.000218975676360679
19.95000949,0.000159145407018602
19.97000949,0.000216230661339361
19.99000949,0.000423394525071746
