time,memory_offset,success_rate
0,0x808,0.4166666666666667
1,0x80a,0.3194444444444444
2,0x80c,0.3424657534246575
3,0x80e,0.36
4,0x810,0.22448979591836735
5,0x812,0.14
6,0x814,0.12244897959183673
7,0x816,0.2
8,0x818,0.20408163265306123
9,0x81a,0.14
10,0x81c,0.16326530612244897
11,0x81e,0.2
12,0x820,0.14285714285714285
13,0x822,0.22
14,0x824,0.20408163265306123
15,0x826,0.18
16,0x828,0.28
17,0x82a,0.14285714285714285
18,0x82c,0.2
19,0x82e,0.1836734693877551
20,0x830,0.2
21,0x832,0.16326530612244897
22,0x834,0.2
23,0x836,0.22448979591836735
24,0x838,0.2
25,0x83a,0.20408163265306123
26,0x83c,0.1
27,0x83e,0.24
28,0x840,0.10204081632653061
29,0x842,0.16
30,0x844,0.14285714285714285
31,0x846,0.26
32,0x848,0.24489795918367346
33,0x84a,0.16
34,0x84c,0.12244897959183673
35,0x84e,0.2
36,0x850,0.1836734693877551
37,0x852,0.18
38,0x854,0.14
39,0x856,0.14285714285714285
40,0x858,0.16
41,0x85a,0.16326530612244897
42,0x85c,0.18
43,0x85e,0.22448979591836735
44,0x860,0.1
45,0x862,0.1836734693877551
46,0x864,0.2
47,0x866,0.22448979591836735
48,0x868,0.28
49,0x86a,0.16326530612244897
50,0x86c,0.2
51,0x86e,0.22
52,0x870,0.16326530612244897
53,0x872,0.16
54,0x874,0.1836734693877551
55,0x876,0.16
56,0x878,0.10204081632653061
57,0x87a,0.34
58,0x87c,0.10204081632653061
59,0x87e,0.2
60,0x880,0.16326530612244897
61,0x882,0.12
62,0x884,0.12244897959183673
63,0x886,0.12
64,0x888,0.26
65,0x88a,0.24489795918367346
66,0x88c,0.32
67,0x88e,0.14285714285714285
68,0x890,0.14
69,0x892,0.14285714285714285
70,0x894,0.18
71,0x896,0.16326530612244897
72,0x898,0.16
73,0x89a,0.16326530612244897
74,0x89c,0.14
75,0x89e,0.24
76,0x8a0,0.20408163265306123
77,0x8a2,0.24
78,0x8a4,0.16326530612244897
79,0x8a6,0.18
80,0x8a8,0.22448979591836735
81,0x8aa,0.14
82,0x8ac,0.30612244897959184
83,0x8ae,0.2
84,0x8b0,0.2653061224489796
85,0x8b2,0.26
86,0x8b4,0.24489795918367346
87,0x8b6,0.24
88,0x8b8,0.12
89,0x8ba,0.20408163265306123
90,0x8bc,0.34
91,0x8be,0.22448979591836735
92,0x8c0,0.28
93,0x8c2,0.2653061224489796
94,0x8c4,0.18
95,0x8c6,0.16326530612244897
96,0x8c8,0.28
97,0x8ca,0.3469387755102041
98,0x8cc,0.16
99,0x8ce,0.2
100,0x8d0,0.12244897959183673
101,0x8d2,0.2
102,0x8d4,0.1836734693877551
103,0x8d6,0.14
104,0x8d8,0.22448979591836735
105,0x8da,0.16
106,0x8dc,0.10204081632653061
107,0x8de,0.26
108,0x8e0,0.14285714285714285
109,0x8e2,0.2
110,0x8e4,0.12
111,0x8e6,0.20408163265306123
112,0x8e8,0.32
113,0x8ea,0.14285714285714285
114,0x8ec,0.22
115,0x8ee,0.22448979591836735
116,0x8f0,0.24
117,0x8f2,0.20408163265306123
118,0x8f4,0.16
119,0x8f6,0.22448979591836735
120,0x8f8,0.22
121,0x8fa,0.18
122,0x8fc,0.1836734693877551
123,0x8fe,0.22
124,0x900,0.22448979591836735
125,0x902,0.2
126,0x904,0.16326530612244897
127,0x906,0.3
128,0x908,0.24489795918367346
129,0x90a,0.14
130,0x90c,0.1836734693877551
131,0x90e,0.18
132,0x910,0.12
133,0x912,0.1836734693877551
134,0x914,0.22
135,0x916,0.1836734693877551
136,0x918,0.2
137,0x91a,0.14285714285714285
138,0x91c,0.18
139,0x91e,0.2857142857142857
140,0x920,0.24
141,0x922,0.22448979591836735
142,0x924,0.1
143,0x926,0.22
144,0x928,0.1836734693877551
145,0x92a,0.24
146,0x92c,0.1836734693877551
147,0x92e,0.18
148,0x930,0.14285714285714285
149,0x932,0.2
150,0x934,0.1836734693877551
151,0x936,0.22
152,0x938,0.10204081632653061
153,0x93a,0.12
154,0x93c,0.08
155,0x93e,0.1836734693877551
156,0x940,0.06
157,0x942,0.20408163265306123
158,0x944,0.12
159,0x946,0.2653061224489796
160,0x948,0.18
161,0x94a,0.12244897959183673
162,0x94c,0.18
163,0x94e,0.20408163265306123
164,0x950,0.12
165,0x952,0.28
166,0x954,0.12244897959183673
167,0x956,0.12
168,0x958,0.16326530612244897
169,0x95a,0.18
170,0x95c,0.12244897959183673
171,0x95e,0.2
172,0x960,0.14285714285714285
173,0x962,0.22
174,0x964,0.16326530612244897
175,0x966,0.1
176,0x968,0.2
177,0x96a,0.1836734693877551
178,0x96c,0.24
179,0x96e,0.12244897959183673
180,0x970,0.36
181,0x972,0.22448979591836735
182,0x974,0.14
183,0x976,0.22448979591836735
184,0x978,0.12
185,0x97a,0.14285714285714285
186,0x97c,0.24
187,0x97e,0.24
188,0x980,0.1836734693877551
189,0x982,0.14
190,0x984,0.12244897959183673
191,0x986,0.26
192,0x988,0.20408163265306123
193,0x98a,0.26
194,0x98c,0.1836734693877551
195,0x98e,0.24
196,0x990,0.20408163265306123
197,0x992,0.18
198,0x994,0.2
199,0x996,0.1836734693877551
200,0x998,0.18
201,0x99a,0.14285714285714285
202,0x99c,0.12
203,0x99e,0.1836734693877551
204,0x9a0,0.12
205,0x9a2,0.22448979591836735
206,0x9a4,0.18
207,0x9a6,0.16326530612244897
208,0x9a8,0.16
209,0x9aa,0.12
210,0x9ac,0.10204081632653061
211,0x9ae,0.14
212,0x9b0,0.12244897959183673
213,0x9b2,0.24
214,0x9b4,0.14285714285714285
215,0x9b6,0.18
216,0x9b8,0.16326530612244897
217,0x9ba,0.16
218,0x9bc,0.20408163265306123
219,0x9be,0.2
220,0x9c0,0.18
221,0x9c2,0.14285714285714285
222,0x9c4,0.16
223,0x9c6,0.30612244897959184
224,0x9c8,0.22
225,0x9ca,0.1836734693877551
226,0x9cc,0.18
227,0x9ce,0.20408163265306123
228,0x9d0,0.12
229,0x9d2,0.12244897959183673
230,0x9d4,0.16
231,0x9d6,0.2
232,0x9d8,0.16326530612244897
233,0x9da,0.2
234,0x9dc,0.20408163265306123
235,0x9de,0.28
236,0x9e0,0.10204081632653061
237,0x9e2,0.16
238,0x9e4,0.20408163265306123
239,0x9e6,0.22
240,0x9e8,0.18
241,0x9ea,0.14285714285714285
242,0x9ec,0.16
243,0x9ee,0.20408163265306123
244,0x9f0,0.18
245,0x9f2,0.10204081632653061
246,0x9f4,0.08
247,0x9f6,0.14285714285714285
248,0x9f8,0.14
249,0x9fa,0.16326530612244897
250,0x9fc,0.12
251,0x9fe,0.16
252,0xa00,0.20408163265306123
253,0xa02,0.22
254,0xa04,0.22448979591836735
255,0xa06,0.26
256,0xa08,0.20408163265306123
257,0xa0a,0.16
258,0xa0c,0.14285714285714285
259,0xa0e,0.2
260,0xa10,0.1836734693877551
261,0xa12,0.18
262,0xa14,0.22
263,0xa16,0.16326530612244897
264,0xa18,0.2
265,0xa1a,0.08163265306122448
266,0xa1c,0.16
267,0xa1e,0.14285714285714285
268,0xa20,0.22
269,0xa22,0.10204081632653061
270,0xa24,0.2
271,0xa26,0.0
272,0xa28,0.0
273,0xa2a,0.0
274,0xa2c,0.0
275,0xa2e,0.0
276,0xa30,0.0
277,0xa32,0.0
278,0xa34,0.0
279,0xa36,0.0
280,0xa38,0.0
281,0xa3a,0.0
282,0xa3c,0.0
283,0xa3e,0.0
284,0xa40,0.0
285,0xa42,0.0
286,0xa44,0.0
287,0xa46,0.0
288,0xa48,0.14285714285714285
289,0xa4a,0.2
290,0xa4c,0.20408163265306123
291,0xa4e,0.22
292,0xa50,0.20408163265306123
293,0xa52,0.16
294,0xa54,0.16326530612244897
295,0xa56,0.2
296,0xa58,0.16
297,0xa5a,0.10204081632653061
298,0xa5c,0.2
299,0xa5e,0.12244897959183673
300,0xa60,0.14
301,0xa62,0.1836734693877551
302,0xa64,0.28
303,0xa66,0.1836734693877551
304,0xa68,0.24
305,0xa6a,0.14285714285714285
306,0xa6c,0.16
307,0xa6e,0.1
308,0xa70,0.20408163265306123
309,0xa72,0.18
310,0xa74,0.14285714285714285
311,0xa76,0.28
312,0xa78,0.1836734693877551
313,0xa7a,0.24
314,0xa7c,0.1836734693877551
315,0xa7e,0.12
316,0xa80,0.20408163265306123
317,0xa82,0.16
318,0xa84,0.2
319,0xa86,0.24489795918367346
320,0xa88,0.24
321,0xa8a,0.22448979591836735
322,0xa8c,0.18
323,0xa8e,0.1836734693877551
324,0xa90,0.22
325,0xa92,0.20408163265306123
326,0xa94,0.18
327,0xa96,0.08163265306122448
328,0xa98,0.18
329,0xa9a,0.20408163265306123
330,0xa9c,0.22
331,0xa9e,0.18
332,0xaa0,0.2857142857142857
333,0xaa2,0.12
334,0xaa4,0.14285714285714285
335,0xaa6,0.2
336,0xaa8,0.2653061224489796
337,0xaaa,0.3
338,0xaac,0.2857142857142857
339,0xaae,0.18
340,0xab0,0.10204081632653061
341,0xab2,0.16
342,0xab4,0.16
343,0xab6,0.16326530612244897
344,0xab8,0.16
345,0xaba,0.24489795918367346
346,0xabc,0.2
347,0xabe,0.24489795918367346
348,0xac0,0.18
349,0xac2,0.08163265306122448
350,0xac4,0.34
351,0xac6,0.22448979591836735
352,0xac8,0.18
353,0xaca,0.18
354,0xacc,0.16326530612244897
355,0xace,0.2
356,0xad0,0.14285714285714285
357,0xad2,0.18
358,0xad4,0.16326530612244897
359,0xad6,0.12
360,0xad8,0.20408163265306123
361,0xada,0.2
362,0xadc,0.1836734693877551
363,0xade,0.16
364,0xae0,0.20408163265306123
365,0xae2,0.2
366,0xae4,0.18
367,0xae6,0.24489795918367346
368,0xae8,0.12
369,0xaea,0.1836734693877551
370,0xaec,0.22
371,0xaee,0.10204081632653061
372,0xaf0,0.18
373,0xaf2,0.22448979591836735
374,0xaf4,0.2
375,0xaf6,0.08163265306122448
376,0xaf8,0.1
377,0xafa,0.24489795918367346
378,0xafc,0.2
379,0xafe,0.1
380,0xb00,0.24489795918367346
381,0xb02,0.14
382,0xb04,0.14285714285714285
383,0xb06,0.22
384,0xb08,0.14285714285714285
385,0xb0a,0.14
386,0xb0c,0.14285714285714285
387,0xb0e,0.16
388,0xb10,0.1836734693877551
389,0xb12,0.14
390,0xb14,0.2653061224489796
391,0xb16,0.28
392,0xb18,0.24
393,0xb1a,0.12244897959183673
394,0xb1c,0.24
395,0xb1e,0.10204081632653061
396,0xb20,0.22
397,0xb22,0.12244897959183673
398,0xb24,0.16
399,0xb26,0.30612244897959184
400,0xb28,0.16
401,0xb2a,0.20408163265306123
402,0xb2c,0.16
403,0xb2e,0.22448979591836735
404,0xb30,0.28
405,0xb32,0.14
406,0xb34,0.14285714285714285
407,0xb36,0.2
408,0xb38,0.2653061224489796
409,0xb3a,0.1
410,0xb3c,0.16326530612244897
411,0xb3e,0.14
412,0xb40,0.22448979591836735
413,0xb42,0.14
414,0xb44,0.08163265306122448
415,0xb46,0.1
416,0xb48,0.10204081632653061
417,0xb4a,0.2
418,0xb4c,0.18
419,0xb4e,0.20408163265306123
420,0xb50,0.18
421,0xb52,0.1836734693877551
422,0xb54,0.16
423,0xb56,0.16326530612244897
424,0xb58,0.12
425,0xb5a,0.14285714285714285
426,0xb5c,0.2
427,0xb5e,0.16326530612244897
428,0xb60,0.22
429,0xb62,0.12244897959183673
430,0xb64,0.18
431,0xb66,0.16
432,0xb68,0.1836734693877551
433,0xb6a,0.2
434,0xb6c,0.10204081632653061
435,0xb6e,0.24
436,0xb70,0.22448979591836735
437,0xb72,0.3
438,0xb74,0.1836734693877551
439,0xb76,0.18
440,0xb78,0.16326530612244897
441,0xb7a,0.16
442,0xb7c,0.08163265306122448
443,0xb7e,0.16
444,0xb80,0.14
445,0xb82,0.22448979591836735
446,0xb84,0.22
447,0xb86,0.12244897959183673
448,0xb88,0.14
449,0xb8a,0.2653061224489796
450,0xb8c,0.18
451,0xb8e,0.16326530612244897
452,0xb90,0.18
453,0xb92,0.1836734693877551
454,0xb94,0.18
455,0xb96,0.16
456,0xb98,0.10204081632653061
457,0xb9a,0.12
458,0xb9c,0.16326530612244897
459,0xb9e,0.08
460,0xba0,0.16326530612244897
461,0xba2,0.14
462,0xba4,0.14285714285714285
463,0xba6,0.16
464,0xba8,0.16326530612244897
465,0xbaa,0.22
466,0xbac,0.14285714285714285
467,0xbae,0.18
468,0xbb0,0.20408163265306123
469,0xbb2,0.22
470,0xbb4,0.2
471,0xbb6,0.16326530612244897
472,0xbb8,0.1
473,0xbba,0.2653061224489796
474,0xbbc,0.14
475,0xbbe,0.061224489795918366
476,0xbc0,0.16
477,0xbc2,0.1836734693877551
478,0xbc4,0.24
479,0xbc6,0.2857142857142857
480,0xbc8,0.24
481,0xbca,0.14285714285714285
482,0xbcc,0.22
483,0xbce,0.2
484,0xbd0,0.16326530612244897
485,0xbd2,0.12
486,0xbd4,0.1836734693877551
487,0xbd6,0.12
488,0xbd8,0.24489795918367346
489,0xbda,0.22
490,0xbdc,0.2653061224489796
491,0xbde,0.12
492,0xbe0,0.20408163265306123
493,0xbe2,0.12
494,0xbe4,0.14285714285714285
495,0xbe6,0.12
496,0xbe8,0.18
497,0xbea,0.20408163265306123
498,0xbec,0.28
499,0xbee,0.1836734693877551
500,0xbf0,0.24
501,0xbf2,0.2653061224489796
502,0xbf4,0.16
503,0xbf6,0.12244897959183673
504,0xbf8,0.16
505,0xbfa,0.10204081632653061
506,0xbfc,0.24
507,0xbfe,0.22448979591836735
508,0xc00,0.27941176470588236
509,0xc02,0.0
510,0xc04,0.0
511,0xc06,0.0
