start_time,app_time,flip,flip_value,energy_uj_dram,app_state,num_read
1660050288939344455,7172423,0,0,42308205472,3735928559,65000
1660050289000461433,68289401,1,2147483648,42308237027,3735928559,65000
1660050289061578355,129406323,0,0,42308268521,3735928559,65000
1660050289122695319,190523287,0,0,42308300503,3735928559,65000
1660050289183812327,251640295,0,0,42308332120,3735928559,65000
1660050289244929345,312757313,0,0,42308363553,3735928559,65000
1660050289306046348,373874316,0,0,42308394986,3735928559,65000
1660050289367163254,434991222,0,0,42308426480,3735928559,65000
1660050289428280245,496108213,1,2147483648,42308457913,3735928559,65000
1660050289489397295,557225263,0,0,42308489468,3735928559,65000
1660050289550514208,618342176,0,0,42308520901,3735928559,65000
1660050289611631216,679459184,0,0,42308552395,3735928559,65000
1660050289672748158,740576126,0,0,42308584438,3735928559,65000
1660050289733865129,801693097,1,2147483648,42308615871,3735928559,65000
1660050289794982104,862810072,0,0,42308647365,3735928559,65000
1660050289856099274,923927242,0,0,42308678798,3735928559,65000
1660050289917216128,985044096,0,0,42308710231,3735928559,65000
1660050289978333100,1046161068,1,2147483648,42308741725,3735928559,65000
1660050290039450030,1107277998,0,0,42308773158,3735928559,65000
1660050290100567004,1168394972,0,0,42308804592,3735928559,65000
1660050290161684054,1229512022,1,2147483648,42308836635,3735928559,65000
1660050290222801018,1290628986,0,0,42308868129,3735928559,65000
1660050290283918316,1351746284,0,0,42308899562,3735928559,65000
1660050290345034935,1412862903,1,2147483648,42308931056,3735928559,65000
1660050290406151983,1473979951,0,0,42308962489,3735928559,65000
1660050290467268889,1535096857,1,2147483648,42308993922,3735928559,65000
1660050290528385864,1596213832,1,2147483648,42309025355,3735928559,65000
1660050290589502858,1657330826,1,2147483648,42309056849,3735928559,65000
1660050290650619894,1718447862,1,2147483648,42309088343,3735928559,65000
1660050290711736853,1779564821,1,2147483648,42309120326,3735928559,65000
1660050290772853821,1840681789,1,2147483648,42309151820,3735928559,65000
1660050290833970783,1901798751,1,2147483648,42309183253,3735928559,65000
1660050290895087833,1962915801,1,2147483648,42309214686,3735928559,65000
1660050290956204803,2024032771,1,2147483648,42309246180,3735928559,65000
1660050291017321764,2085149732,0,0,42309277613,3735928559,65000
1660050291078438708,2146266676,0,0,42309309107,3735928559,65000
1660050291139555739,2207383707,0,0,42309340540,3735928559,65000
1660050291200672671,2268500639,0,0,42309372583,3735928559,65000
1660050291261789690,2329617658,0,0,42309404016,3735928559,65000
1660050291322906685,2390734653,0,0,42309435510,3735928559,65000
1660050291384023608,2451851576,1,2147483648,42309467676,3735928559,65000
1660050291445140616,2512968584,1,2147483648,42309499170,3735928559,65000
1660050291506257630,2574085598,0,0,42309530725,3735928559,65000
1660050291567374613,2635202581,0,0,42309562158,3735928559,65000
1660050291628491514,2696319482,1,2147483648,42309593652,3735928559,65000
1660050291689608561,2757436529,0,0,42309625085,3735928559,65000
1660050291750725505,2818553473,1,2147483648,42309657128,3735928559,65000
1660050291811842481,2879670449,0,0,42309688561,3735928559,65000
1660050291872959489,2940787457,0,0,42309720055,3735928559,65000
1660050291934076476,3001904444,1,2147483648,42309751489,3735928559,65000
1660050291995193421,3063021389,1,2147483648,42309782983,3735928559,65000
1660050292056310667,3124138635,0,0,42309814477,3735928559,65000
1660050292117427382,3185255350,0,0,42309845910,3735928559,65000
1660050292178544370,3246372338,0,0,42309877404,3735928559,65000
1660050292239661305,3307489273,0,0,42309909386,3735928559,65000
1660050292300778347,3368606315,1,2147483648,42309940880,3735928559,65000
1660050292361895348,3429723316,1,2147483648,42309972313,3735928559,65000
1660050292423012315,3490840283,0,0,42310003807,3735928559,65000
1660050292484129234,3551957202,1,2147483648,42310035301,3735928559,65000
1660050292545246210,3613074178,1,2147483648,42310066734,3735928559,65000
1660050292606363182,3674191150,0,0,42310098167,3735928559,65000
1660050292667480194,3735308162,0,0,42310129661,3735928559,65000
1660050292728597216,3796425184,1,2147483648,42310161094,3735928559,65000
1660050292789714181,3857542149,0,0,42310193138,3735928559,65000
1660050292850831143,3918659111,0,0,42310224571,3735928559,65000
1660050292911948097,3979776065,1,2147483648,42310256065,3735928559,65000
1660050292973065076,4040893044,0,0,42310287559,3735928559,65000
1660050293034182043,4102010011,1,2147483648,42310319053,3735928559,65000
1660050293095299044,4163127012,1,2147483648,42310350486,3735928559,65000
1660050293156416056,4224244024,0,0,42310381980,3735928559,65000
1660050293217532984,4285360952,0,0,42310413474,3735928559,65000
1660050293278650023,4346477991,1,2147483648,42310445456,3735928559,65000
1660050293339766998,4407594966,0,0,42310476951,3735928559,65000
1660050293400883987,4468711955,1,2147483648,42310508445,3735928559,65000
1660050293462000972,4529828940,1,2147483648,42310539878,3735928559,65000
1660050293523117885,4590945853,0,0,42310571372,3735928559,65000
1660050293584234883,4652062851,0,0,42310602805,3735928559,65000
1660050293645351929,4713179897,1,2147483648,42310634299,3735928559,65000
1660050293706468863,4774296831,0,0,42310665732,3735928559,65000
1660050293767585829,4835413797,0,0,42310697226,3735928559,65000
1660050293828702888,4896530856,0,0,42310745260,3735928559,65000
1660050293889819781,4957647749,0,0,42310775595,3735928559,65000
1660050293950936781,5018764749,0,0,42310807150,3735928559,65000
1660050294012053733,5079881701,1,2147483648,42310838766,3735928559,65000
1660050294073170758,5140998726,0,0,42310870260,3735928559,65000
1660050294134287694,5202115662,0,0,42310901754,3735928559,65000
1660050294195404745,5263232713,0,0,42310933248,3735928559,65000
1660050294256522002,5324349970,0,0,42310964681,3735928559,65000
1660050294317638620,5385466588,0,0,42310996175,3735928559,65000
1660050294378755692,5446583660,0,0,42311028219,3735928559,65000
1660050294439872663,5507700631,0,0,42311059652,3735928559,65000
1660050294500989623,5568817591,1,2147483648,42311091207,3735928559,65000
1660050294562106630,5629934598,1,2147483648,42311122701,3735928559,65000
1660050294623223544,5691051512,0,0,42311154134,3735928559,65000
1660050294684340503,5752168471,0,0,42311185628,3735928559,65000
1660050294745457555,5813285523,0,0,42311217122,3735928559,65000
1660050294806574480,5874402448,1,2147483648,42311248555,3735928559,65000
1660050294867691471,5935519439,0,0,42311280537,3735928559,65000
1660050294928808439,5996636407,0,0,42311312031,3735928559,65000
1660050294989925411,6057753379,0,0,42311343464,3735928559,65000
1660050295051042455,6118870423,0,0,42311374958,3735928559,65000
1660050295112159426,6179987394,0,0,42311406453,3735928559,65000
1660050295173276347,6241104315,0,0,42311437886,3735928559,65000
1660050295234393331,6302221299,1,2147483648,42311469380,3735928559,65000
1660050295295510343,6363338311,1,2147483648,42311500813,3735928559,65000
1660050295356627299,6424455267,0,0,42311532856,3735928559,65000
1660050295417744266,6485572234,1,2147483648,42311564350,3735928559,65000
1660050295478861311,6546689279,1,2147483648,42311595783,3735928559,65000
1660050295539978246,6607806214,0,0,42311627277,3735928559,65000
1660050295601095205,6668923173,0,0,42311658710,3735928559,65000
1660050295662212202,6730040170,0,0,42311690265,3735928559,65000
1660050295723329201,6791157169,1,2147483648,42311721698,3735928559,65000
1660050295784446208,6852274176,1,2147483648,42311753192,3735928559,65000
1660050295845563166,6913391134,1,2147483648,42311784686,3735928559,65000
1660050295906680145,6974508113,0,0,42311816730,3735928559,65000
1660050295967797157,7035625125,1,2147483648,42311848163,3735928559,65000
1660050296028914250,7096742218,0,0,42311879657,3735928559,65000
1660050296090031093,7157859061,0,0,42311911761,3735928559,65000
1660050296151148073,7218976041,0,0,42311943255,3735928559,65000
1660050296212265034,7280093002,0,0,42311974749,3735928559,65000
1660050296273382042,7341210010,0,0,42312006182,3735928559,65000
1660050296334498970,7402326938,0,0,42312037677,3735928559,65000
1660050296395616032,7463444000,1,2147483648,42312069171,3735928559,65000
1660050296456733318,7524561286,0,0,42312101214,3735928559,65000
1660050296517849927,7585677895,0,0,42312132647,3735928559,65000
1660050296578966917,7646794885,1,2147483648,42312164080,3735928559,65000
1660050296640083921,7707911889,0,0,42312195574,3735928559,65000
1660050296701200902,7769028870,1,2147483648,42312227068,3735928559,65000
1660050296762317901,7830145869,1,2147483648,42312259356,3735928559,65000
1660050296823434859,7891262827,0,0,42312290850,3735928559,65000
1660050296884551822,7952379790,0,0,42312322344,3735928559,65000
1660050296945668807,8013496775,1,2147483648,42312354326,3735928559,65000
1660050297006785807,8074613775,0,0,42312385820,3735928559,65000
1660050297067902795,8135730763,1,2147483648,42312417253,3735928559,65000
1660050297129019738,8196847706,1,2147483648,42312448747,3735928559,65000
1660050297190136773,8257964741,0,0,42312480241,3735928559,65000
1660050297251253729,8319081697,1,2147483648,42312511674,3735928559,65000
1660050297312370659,8380198627,1,2147483648,42312543107,3735928559,65000
1660050297373487622,8441315590,0,0,42312574723,3735928559,65000
1660050297434604618,8502432586,1,2147483648,42312606279,3735928559,65000
1660050297495721660,8563549628,0,0,42312643327,3735928559,65000
1660050297556838591,8624666559,0,0,42312680131,3735928559,65000
1660050297617955542,8685783510,0,0,42312711869,3735928559,65000
1660050297679072595,8746900563,0,0,42312743363,3735928559,65000
1660050297740189556,8808017524,0,0,42312774857,3735928559,65000
1660050297801306529,8869134497,0,0,42312806962,3735928559,65000
1660050297862423553,8930251521,0,0,42312839921,3735928559,65000
1660050297923540445,8991368413,0,0,42312871781,3735928559,65000
1660050297984657497,9052485465,0,0,42312903885,3735928559,65000
1660050298045774414,9113602382,1,2147483648,42312935379,3735928559,65000
1660050298106891448,9174719416,0,0,42312966934,3735928559,65000
1660050298168008421,9235836389,1,2147483648,42312998367,3735928559,65000
1660050298229125586,9296953554,0,0,42313029861,3735928559,65000
1660050298290242342,9358070310,1,2147483648,42313061478,3735928559,65000
1660050298351359352,9419187320,1,2147483648,42313093521,3735928559,65000
1660050298412476329,9480304297,0,0,42313125015,3735928559,65000
1660050298473593301,9541421269,1,2147483648,42313157058,3735928559,65000
1660050298534710294,9602538262,1,2147483648,42313188552,3735928559,65000
1660050298595827272,9663655240,1,2147483648,42313220108,3735928559,65000
1660050298656944281,9724772249,0,0,42313251541,3735928559,65000
1660050298718061260,9785889228,1,2147483648,42313283035,3735928559,65000
1660050298779178224,9847006192,0,0,42313314651,3735928559,65000
1660050298840295192,9908123160,0,0,42313346084,3735928559,65000
1660050298901412138,9969240106,0,0,42313377578,3735928559,65000
1660050298962529162,10030357130,1,2147483648,42313409011,3735928559,65000
1660050299023646106,10091474074,0,0,42313441054,3735928559,65000
1660050299084763089,10152591057,0,0,42313472487,3735928559,65000
1660050299145880107,10213708075,1,2147483648,42313504042,3735928559,65000
1660050299206997077,10274825045,1,2147483648,42313535536,3735928559,65000
1660050299268114015,10335941983,0,0,42313566969,3735928559,65000
1660050299329231042,10397059010,0,0,42313598464,3735928559,65000
1660050299390347984,10458175952,0,0,42313629897,3735928559,65000
1660050299451464986,10519292954,0,0,42313661391,3735928559,65000
1660050299512581925,10580409893,1,2147483648,42313692885,3735928559,65000
1660050299573698939,10641526907,0,0,42313724867,3735928559,65000
1660050299634815938,10702643906,1,2147483648,42313756361,3735928559,65000
1660050299695932935,10763760903,0,0,42313787855,3735928559,65000
1660050299757049882,10824877850,0,0,42313819288,3735928559,65000
1660050299818166857,10885994825,0,0,42313850721,3735928559,65000
1660050299879283871,10947111839,0,0,42313882215,3735928559,65000
1660050299940400803,11008228771,0,0,42313913648,3735928559,65000
1660050300001517901,11069345869,0,0,42313945631,3735928559,65000
1660050300062634786,11130462754,1,2147483648,42313977613,3735928559,65000
1660050300123751812,11191579780,0,0,42314009107,3735928559,65000
1660050300184868768,11252696736,0,0,42314040601,3735928559,65000
1660050300245985700,11313813668,1,2147483648,42314072095,3735928559,65000
1660050300307102756,11374930724,0,0,42314103589,3735928559,65000
1660050300368219734,11436047702,0,0,42314135022,3735928559,65000
1660050300429336973,11497164941,1,2147483648,42314166516,3735928559,65000
1660050300490453618,11558281586,0,0,42314197949,3735928559,65000
1660050300551570593,11619398561,0,0,42314229382,3735928559,65000
1660050300612687577,11680515545,0,0,42314261365,3735928559,65000
1660050300673804539,11741632507,0,0,42314292859,3735928559,65000
1660050300734921586,11802749554,1,2147483648,42314324353,3735928559,65000
1660050300796038591,11863866559,0,0,42314355786,3735928559,65000
1660050300857155482,11924983450,0,0,42314387219,3735928559,65000
1660050300918272485,11986100453,0,0,42314418713,3735928559,65000
1660050300979389482,12047217450,0,0,42314450146,3735928559,65000
1660050301040506493,12108334461,0,0,42314481579,3735928559,65000
1660050301101623402,12169451370,0,0,42314514233,3735928559,65000
1660050301162740397,12230568365,1,2147483648,42314545666,3735928559,65000
1660050301223857363,12291685331,0,0,42314577160,3735928559,65000
1660050301284974370,12352802338,1,2147483648,42314608593,3735928559,65000
1660050301346091391,12413919359,1,2147483648,42314640087,3735928559,65000
1660050301407208309,12475036277,0,0,42314671520,3735928559,65000
1660050301468325279,12536153247,0,0,42314703014,3735928559,65000
1660050301529442339,12597270307,0,0,42314734508,3735928559,65000
1660050301590559316,12658387284,0,0,42314765941,3735928559,65000
1660050301651676279,12719504247,1,2147483648,42314797923,3735928559,65000
1660050301712793276,12780621244,0,0,42314829417,3735928559,65000
1660050301773910260,12841738228,0,0,42314860911,3735928559,65000
1660050301835027251,12902855219,0,0,42314892344,3735928559,65000
1660050301896144166,12963972134,1,2147483648,42314923778,3735928559,65000
1660050301957261136,13025089104,0,0,42314955272,3735928559,65000
1660050302018378158,13086206126,0,0,42314986705,3735928559,65000
1660050302079495165,13147323133,0,0,42315018199,3735928559,65000
1660050302140612143,13208440111,0,0,42315049632,3735928559,65000
1660050302201729323,13269557291,0,0,42315081675,3735928559,65000
1660050302262846068,13330674036,1,2147483648,42315113108,3735928559,65000
1660050302323963079,13391791047,0,0,42315144602,3735928559,65000
1660050302385080053,13452908021,0,0,42315176035,3735928559,65000
1660050302446196997,13514024965,1,2147483648,42315207468,3735928559,65000
1660050302507314015,13575141983,0,0,42315238962,3735928559,65000
1660050302568430975,13636258943,0,0,42315270395,3735928559,65000
1660050302629547977,13697375945,0,0,42315301889,3735928559,65000
1660050302690664970,13758492938,0,0,42315333872,3735928559,65000
1660050302751781935,13819609903,0,0,42315365366,3735928559,65000
1660050302812898916,13880726884,1,2147483648,42315396799,3735928559,65000
1660050302874015888,13941843856,0,0,42315428293,3735928559,65000
1660050302935132861,14002960829,1,2147483648,42315459726,3735928559,65000
1660050302996249823,14064077791,1,2147483648,42315491220,3735928559,65000
1660050303057366772,14125194740,0,0,42315522653,3735928559,65000
1660050303118483753,14186311721,0,0,42315554086,3735928559,65000
1660050303179600758,14247428726,1,2147483648,42315586129,3735928559,65000
1660050303240717763,14308545731,0,0,42315617562,3735928559,65000
1660050303301834743,14369662711,1,2147483648,42315649056,3735928559,65000
1660050303362951692,14430779660,0,0,42315680489,3735928559,65000
1660050303424068665,14491896633,0,0,42315711984,3735928559,65000
1660050303485185672,14553013640,1,2147483648,42315743417,3735928559,65000
1660050303546302675,14614130643,1,2147483648,42315774850,3735928559,65000
1660050303607419657,14675247625,0,0,42315806344,3735928559,65000
1660050303668536563,14736364531,0,0,42315837777,3735928559,65000
1660050303729653596,14797481564,1,2147483648,42315869820,3735928559,65000
1660050303790770587,14858598555,0,0,42315901253,3735928559,65000
1660050303851887545,14919715513,0,0,42315932747,3735928559,65000
1660050303913004490,14980832458,1,2147483648,42315964180,3735928559,65000
1660050303974121526,15041949494,0,0,42315995674,3735928559,65000
1660050304035238462,15103066430,1,2147483648,42316027168,3735928559,65000
1660050304096355430,15164183398,1,2147483648,42316058601,3735928559,65000
1660050304157472416,15225300384,0,0,42316090034,3735928559,65000
1660050304218589404,15286417372,1,2147483648,42316121528,3735928559,65000
1660050304279706451,15347534419,0,0,42316153511,3735928559,65000
1660050304340823426,15408651394,0,0,42316185005,3735928559,65000
1660050304401940644,15469768612,1,2147483648,42316216438,3735928559,65000
1660050304463057377,15530885345,1,2147483648,42316247932,3735928559,65000
1660050304524174315,15592002283,0,0,42316279365,3735928559,65000
1660050304585291275,15653119243,1,2147483648,42316310859,3735928559,65000
1660050304646408289,15714236257,1,2147483648,42316342292,3735928559,65000
1660050304707525218,15775353186,0,0,42316373786,3735928559,65000
1660050304768642279,15836470247,0,0,42316405829,3735928559,65000
1660050304829759192,15897587160,1,2147483648,42316437262,3735928559,65000
1660050304890876203,15958704171,0,0,42316468695,3735928559,65000
1660050304951993145,16019821113,1,2147483648,42316500189,3735928559,65000
1660050305013110181,16080938149,1,2147483648,42316531623,3735928559,65000
1660050305074227126,16142055094,0,0,42316563117,3735928559,65000
1660050305135344165,16203172133,1,2147483648,42316594550,3735928559,65000
1660050305196461095,16264289063,1,2147483648,42316625983,3735928559,65000
1660050305257578047,16325406015,1,2147483648,42316657477,3735928559,65000
1660050305318695080,16386523048,1,2147483648,42316689520,3735928559,65000
1660050305379812066,16447640034,0,0,42316720953,3735928559,65000
1660050305440929022,16508756990,0,0,42316752447,3735928559,65000
1660050305502045963,16569873931,1,2147483648,42316783880,3735928559,65000
1660050305563162957,16630990925,0,0,42316815313,3735928559,65000
1660050305624279960,16692107928,0,0,42316846807,3735928559,65000
1660050305685396952,16753224920,1,2147483648,42316878240,3735928559,65000
1660050305746513952,16814341920,1,2147483648,42316909734,3735928559,65000
1660050305807630903,16875458871,0,0,42316941717,3735928559,65000
1660050305868747871,16936575839,1,2147483648,42316973211,3735928559,65000
1660050305929864876,16997692844,0,0,42317004644,3735928559,65000
1660050305990981834,17058809802,0,0,42317036077,3735928559,65000
1660050306052098789,17119926757,1,2147483648,42317067571,3735928559,65000
1660050306113215811,17181043779,1,2147483648,42317099065,3735928559,65000
1660050306174332959,17242160927,1,2147483648,42317130559,3735928559,65000
1660050306235449770,17303277738,1,2147483648,42317161992,3735928559,65000
1660050306296566755,17364394723,0,0,42317193425,3735928559,65000
1660050306357683680,17425511648,0,0,42317225407,3735928559,65000
1660050306418800678,17486628646,1,2147483648,42317256901,3735928559,65000
1660050306479917651,17547745619,1,2147483648,42317288334,3735928559,65000
1660050306541034675,17608862643,0,0,42317319829,3735928559,65000
1660050306602152023,17669979991,0,0,42317351262,3735928559,65000
1660050306663268654,17731096622,1,2147483648,42317382756,3735928559,65000
1660050306724385642,17792213610,0,0,42317414189,3735928559,65000
1660050306785502589,17853330557,0,0,42317445622,3735928559,65000
1660050306846619558,17914447526,0,0,42317477970,3735928559,65000
1660050306907736541,17975564509,0,0,42317545658,3735928559,65000
1660050306968853540,18036681508,0,0,42317616337,3735928559,65000
1660050307029970630,18097798598,0,0,42317699893,3735928559,65000
1660050307091087634,18158915602,0,0,42317777286,3735928559,65000
1660050307152204436,18220032404,0,0,42317842288,3735928559,65000
1660050307213321554,18281149522,0,0,42317922549,3735928559,65000
1660050307274438447,18342266415,0,0,42318007632,3735928559,65000
1660050307335555385,18403383353,0,0,42318086001,3735928559,65000
1660050307396672364,18464500332,0,0,42318153200,3735928559,65000
1660050307457789337,18525617305,0,0,42318228640,3735928559,65000
1660050307518906442,18586734410,0,0,42318312929,3735928559,65000
1660050307580023355,18647851323,0,0,42318403627,3735928559,65000
1660050307641140273,18708968241,0,0,42318468324,3735928559,65000
1660050307702257344,18770085312,0,0,42318546083,3735928559,65000
1660050307763374251,18831202219,0,0,42318633058,3735928559,65000
1660050307824491209,18892319177,0,0,42318712281,3735928559,65000
1660050307885608268,18953436236,0,0,42318780152,3735928559,65000
1660050307946725192,19014553160,0,0,42318856812,3735928559,65000
1660050308007842276,19075670244,0,0,42318943054,3735928559,65000
1660050308068959184,19136787152,0,0,42319024231,3735928559,65000
1660050308130076156,19197904124,0,0,42319090271,3735928559,65000
1660050308191193082,19259021050,0,0,42319165893,3735928559,65000
1660050308252310084,19320138052,0,0,42319251952,3735928559,65000
1660050308313427071,19381255039,0,0,42319334960,3735928559,65000
1660050308374544406,19442372374,0,0,42319401244,3735928559,65000
1660050308435661002,19503488970,0,0,42319473448,3735928559,65000
1660050308496778036,19564606004,0,0,42319558226,3735928559,65000
1660050308557894994,19625722962,0,0,42319644408,3735928559,65000
1660050308619011949,19686839917,0,0,42319710630,3735928559,65000
1660050308680128933,19747956901,0,0,42319779844,3735928559,65000
1660050308741245966,19809073934,0,0,42319863706,3735928559,65000
1660050308802363002,19870190970,0,0,42319949888,3735928559,65000
1660050308863479926,19931307894,0,0,42319999448,3735928559,65000
1660050308924596873,19992424841,0,0,42320030698,3735928559,65000
1660050308985713910,20053541878,1,2147483648,42320062192,3735928559,65000
1660050309046830889,20114658857,1,2147483648,42320093625,3735928559,65000
1660050309107947838,20175775806,0,0,42320125119,3735928559,65000
1660050309169064779,20236892747,0,0,42320156552,3735928559,65000
1660050309230181759,20298009727,1,2147483648,42320188046,3735928559,65000
1660050309291298785,20359126753,0,0,42320219540,3735928559,65000
1660050309352415729,20420243697,0,0,42320251095,3735928559,65000
1660050309413532766,20481360734,1,2147483648,42320282589,3735928559,65000
1660050309474649689,20542477657,0,0,42320314572,3735928559,65000
1660050309535766655,20603594623,0,0,42320346066,3735928559,65000
1660050309596883637,20664711605,0,0,42320377499,3735928559,65000
1660050309658000643,20725828611,1,2147483648,42320409115,3735928559,65000
1660050309719117640,20786945608,1,2147483648,42320440548,3735928559,65000
1660050309780234617,20848062585,0,0,42320471981,3735928559,65000
1660050309841351577,20909179545,0,0,42320503475,3735928559,65000
1660050309902468562,20970296530,0,0,42320534969,3735928559,65000
1660050309963585541,21031413509,0,0,42320566402,3735928559,65000
1660050310024702569,21092530537,0,0,42320598446,3735928559,65000
1660050310085819504,21153647472,0,0,42320629940,3735928559,65000
1660050310146936600,21214764568,1,2147483648,42320661373,3735928559,65000
1660050310208053463,21275881431,1,2147483648,42320692867,3735928559,65000
1660050310269170450,21336998418,1,2147483648,42320724300,3735928559,65000
1660050310330287416,21398115384,1,2147483648,42320755794,3735928559,65000
1660050310391404429,21459232397,1,2147483648,42320787227,3735928559,65000
1660050310452521366,21520349334,0,0,42320818721,3735928559,65000
1660050310513638377,21581466345,1,2147483648,42320850703,3735928559,65000
1660050310574755717,21642583685,0,0,42320882197,3735928559,65000
1660050310635872291,21703700259,1,2147483648,42320913691,3735928559,65000
1660050310696989337,21764817305,1,2147483648,42320945124,3735928559,65000
1660050310758106261,21825934229,0,0,42320976618,3735928559,65000
1660050310819223270,21887051238,0,0,42321008051,3735928559,65000
1660050310880340252,21948168220,0,0,42321053645,3735928559,65000
1660050310941457310,22009285278,0,0,42321135920,3735928559,65000
1660050311002574255,22070402223,0,0,42321197382,3735928559,65000
1660050311063691210,22131519178,0,0,42321270746,3735928559,65000
1660050311124808232,22192636200,0,0,42321353388,3735928559,65000
1660050311185925115,22253753083,0,0,42321425287,3735928559,65000
1660050311247042084,22314870052,0,0,42321487603,3735928559,65000
1660050311308159172,22375987140,0,0,42321569818,3735928559,65000
1660050311369276055,22437104023,0,0,42321650445,3735928559,65000
1660050311430393125,22498221093,0,0,42321709588,3735928559,65000
1660050311491510047,22559338015,0,0,42321789666,3735928559,65000
1660050311552627111,22620455079,0,0,42321871819,3735928559,65000
1660050311613744076,22681572044,0,0,42321938713,3735928559,65000
1660050311674861021,22742688989,0,0,42322006279,3735928559,65000
1660050311735977957,22803805925,0,0,42322089103,3735928559,65000
1660050311797094991,22864922959,0,0,42322164543,3735928559,65000
1660050311858211934,22926039902,0,0,42322224052,3735928559,65000
1660050311919328899,22987156867,0,0,42322309806,3735928559,65000
1660050311980445896,23048273864,0,0,42322393546,3735928559,65000
1660050312041562896,23109390864,0,0,42322468680,3735928559,65000
1660050312102679866,23170507834,0,0,42322531973,3735928559,65000
1660050312163796791,23231624759,0,0,42322616202,3735928559,65000
1660050312224913786,23292741754,0,0,42322700308,3735928559,65000
1660050312286030774,23353858742,0,0,42322777883,3735928559,65000
1660050312347148052,23414976020,0,0,42322844595,3735928559,65000
1660050312408264739,23476092707,0,0,42322922292,3735928559,65000
1660050312469382084,23537210052,0,0,42323006582,3735928559,65000
1660050312530498672,23598326640,0,0,42323088246,3735928559,65000
1660050312591615772,23659443740,0,0,42323154042,3735928559,65000
1660050312652732618,23720560586,0,0,42323227040,3735928559,65000
1660050312713849655,23781677623,0,0,42323311573,3735928559,65000
1660050312774966654,23842794622,0,0,42323396778,3735928559,65000
1660050312836083560,23903911528,0,0,42323462879,3735928559,65000
1660050312897200551,23965028519,1,2147483648,42323510059,3735928559,65000
1660050312958317589,24026145557,0,0,42323541736,3735928559,65000
1660050313019434499,24087262467,0,0,42323573230,3735928559,65000
1660050313080551564,24148379532,0,0,42323605274,3735928559,65000
1660050313141668494,24209496462,0,0,42323636768,3735928559,65000
1660050313202785475,24270613443,1,2147483648,42323668262,3735928559,65000
1660050313263902433,24331730401,1,2147483648,42323699695,3735928559,65000
1660050313325019475,24392847443,1,2147483648,42323731189,3735928559,65000
1660050313386136407,24453964375,1,2147483648,42323762622,3735928559,65000
1660050313447253364,24515081332,1,2147483648,42323794116,3735928559,65000
1660050313508370408,24576198376,0,0,42323825610,3735928559,65000
1660050313569487394,24637315362,1,2147483648,42323857043,3735928559,65000
1660050313630604345,24698432313,1,2147483648,42323889087,3735928559,65000
1660050313691721315,24759549283,0,0,42323920581,3735928559,65000
1660050313752838304,24820666272,1,2147483648,42323952014,3735928559,65000
1660050313813955325,24881783293,1,2147483648,42323983508,3735928559,65000
1660050313875072258,24942900226,0,0,42324014941,3735928559,65000
1660050313936189198,25004017166,1,2147483648,42324046435,3735928559,65000
1660050313997306264,25065134232,1,2147483648,42324077868,3735928559,65000
1660050314058423198,25126251166,1,2147483648,42324109362,3735928559,65000
1660050314119540319,25187368287,0,0,42324141405,3735928559,65000
1660050314180657118,25248485086,1,2147483648,42324172838,3735928559,65000
1660050314241774119,25309602087,0,0,42324204332,3735928559,65000
1660050314302891107,25370719075,0,0,42324235765,3735928559,65000
1660050314364008140,25431836108,0,0,42324267198,3735928559,65000
1660050314425125084,25492953052,1,2147483648,42324298692,3735928559,65000
1660050314486242075,25554070043,0,0,42324330248,3735928559,65000
1660050314547359431,25615187399,0,0,42324361742,3735928559,65000
1660050314608476019,25676303987,0,0,42324393236,3735928559,65000
1660050314669592974,25737420942,1,2147483648,42324425218,3735928559,65000
1660050314730710027,25798537995,1,2147483648,42324456712,3735928559,65000
1660050314791826934,25859654902,0,0,42324488145,3735928559,65000
1660050314852943901,25920771869,0,0,42324519639,3735928559,65000
1660050314914060916,25981888884,0,0,42324572495,3735928559,65000
1660050314975177917,26043005885,0,0,42324656968,3735928559,65000
1660050315036294969,26104122937,0,0,42324741501,3735928559,65000
1660050315097411850,26165239818,0,0,42324816819,3735928559,65000
1660050315158528866,26226356834,0,0,42324879624,3735928559,65000
1660050315219645857,26287473825,0,0,42324965439,3735928559,65000
1660050315280762890,26348590858,0,0,42325049606,3735928559,65000
1660050315341879830,26409707798,0,0,42325124923,3735928559,65000
1660050315402996760,26470824728,0,0,42325189681,3735928559,65000
1660050315464113734,26531941702,0,0,42325272201,3735928559,65000
1660050315525230720,26593058688,0,0,42325357222,3735928559,65000
1660050315586347720,26654175688,0,0,42325433821,3735928559,65000
1660050315647464648,26715292616,0,0,42325502120,3735928559,65000
1660050315708581723,26776409691,0,0,42325577986,3735928559,65000
1660050315769698688,26837526656,0,0,42325662459,3735928559,65000
1660050315830815625,26898643593,0,0,42325744551,3735928559,65000
1660050315891932617,26959760585,0,0,42325810163,3735928559,65000
1660050315953049581,27020877549,0,0,42325884016,3735928559,65000
1660050316014166678,27081994646,0,0,42325968610,3735928559,65000
1660050316075283498,27143111466,0,0,42326053327,3735928559,65000
1660050316136400557,27204228525,0,0,42326120709,3735928559,65000
1660050316197517538,27265345506,0,0,42326189068,3735928559,65000
1660050316258634546,27326462514,0,0,42326273846,3735928559,65000
1660050316319751739,27387579707,0,0,42326358685,3735928559,65000
1660050316380868400,27448696368,0,0,42326431194,3735928559,65000
1660050316441985393,27509813361,0,0,42326495891,3735928559,65000
1660050316503102417,27570930385,0,0,42326579998,3735928559,65000
1660050316564219436,27632047404,0,0,42326664592,3735928559,65000
1660050316625336401,27693164369,0,0,42326739848,3735928559,65000
1660050316686453365,27754281333,0,0,42326801921,3735928559,65000
1660050316747570354,27815398322,0,0,42326887614,3735928559,65000
1660050316808687342,27876515310,0,0,42326971720,3735928559,65000
1660050316869804339,27937632307,0,0,42327038676,3735928559,65000
1660050316930921277,27998749245,1,2147483648,42327067545,3735928559,65000
1660050316992038210,28059866178,0,0,42327099100,3735928559,65000
1660050317053155251,28120983219,0,0,42327130594,3735928559,65000
1660050317114272160,28182100128,0,0,42327162150,3735928559,65000
1660050317175389199,28243217167,0,0,42327193583,3735928559,65000
1660050317236506160,28304334128,0,0,42327225626,3735928559,65000
1660050317297623126,28365451094,1,2147483648,42327257120,3735928559,65000
1660050317358740153,28426568121,0,0,42327288553,3735928559,65000
1660050317419857077,28487685045,1,2147483648,42327320047,3735928559,65000
1660050317480974107,28548802075,0,0,42327351541,3735928559,65000
1660050317542091040,28609919008,0,0,42327383035,3735928559,65000
1660050317603208040,28671036008,0,0,42327414529,3735928559,65000
1660050317664325053,28732153021,1,2147483648,42327445962,3735928559,65000
1660050317725442005,28793269973,0,0,42327477456,3735928559,65000
1660050317786558938,28854386906,1,2147483648,42327509439,3735928559,65000
1660050317847675957,28915503925,1,2147483648,42327540933,3735928559,65000
1660050317908792982,28976620950,1,2147483648,42327572427,3735928559,65000
1660050317969909948,29037737916,0,0,42327603860,3735928559,65000
1660050318031026869,29098854837,1,2147483648,42327635354,3735928559,65000
1660050318092144028,29159971996,1,2147483648,42327666787,3735928559,65000
1660050318153260868,29221088836,1,2147483648,42327698281,3735928559,65000
1660050318214377885,29282205853,0,0,42327729714,3735928559,65000
1660050318275494796,29343322764,0,0,42327761208,3735928559,65000
1660050318336611808,29404439776,1,2147483648,42327793190,3735928559,65000
1660050318397728760,29465556728,1,2147483648,42327824623,3735928559,65000
1660050318458845731,29526673699,0,0,42327856117,3735928559,65000
1660050318519962721,29587790689,1,2147483648,42327887550,3735928559,65000
1660050318581079753,29648907721,0,0,42327919045,3735928559,65000
1660050318642196719,29710024687,0,0,42327950478,3735928559,65000
1660050318703313644,29771141612,1,2147483648,42327981972,3735928559,65000
1660050318764430677,29832258645,1,2147483648,42328013405,3735928559,65000
1660050318825547645,29893375613,0,0,42328045448,3735928559,65000
1660050318886664580,29954492548,0,0,42328086586,3735928559,65000
1660050318947781568,30015609536,0,0,42328162147,3735928559,65000
1660050319008898557,30076726525,0,0,42328220802,3735928559,65000
1660050319070015526,30137843494,0,0,42328303199,3735928559,65000
1660050319131132673,30198960641,0,0,42328388037,3735928559,65000
1660050319192249529,30260077497,0,0,42328448340,3735928559,65000
1660050319253366518,30321194486,0,0,42328521704,3735928559,65000
1660050319314483500,30382311468,0,0,42328605444,3735928559,65000
1660050319375600479,30443428447,0,0,42328678076,3735928559,65000
1660050319436717532,30504545500,0,0,42328738500,3735928559,65000
1660050319497834547,30565662515,0,0,42328820959,3735928559,65000
1660050319558951368,30626779336,0,0,42328903051,3735928559,65000
1660050319620068401,30687896369,0,0,42328962682,3735928559,65000
1660050319681185333,30749013301,0,0,42329041051,3735928559,65000
1660050319742302321,30810130289,0,0,42329123021,3735928559,65000
1660050319803419373,30871247341,0,0,42329191441,3735928559,65000
1660050319864536512,30932364480,0,0,42329257298,3735928559,65000
1660050319925653569,30993481537,0,0,42329342991,3735928559,65000
1660050319986770244,31054598212,0,0,42329426914,3735928559,65000
1660050320047887271,31115715239,0,0,42329491306,3735928559,65000
1660050320109004207,31176832175,0,0,42329563388,3735928559,65000
1660050320170121180,31237949148,0,0,42329648105,3735928559,65000
1660050320231238204,31299066172,0,0,42329733981,3735928559,65000
1660050320292355129,31360183097,0,0,42329801669,3735928559,65000
1660050320353472159,31421300127,0,0,42329869479,3735928559,65000
1660050320414589080,31482417048,0,0,42329954257,3735928559,65000
1660050320475706059,31543534027,0,0,42330039461,3735928559,65000
1660050320536823117,31604651085,0,0,42330112093,3735928559,65000
1660050320597940084,31665768052,0,0,42330176607,3735928559,65000
1660050320659057066,31726885034,0,0,42330260835,3735928559,65000
1660050320720174091,31788002059,0,0,42330345735,3735928559,65000
1660050320781291055,31849119023,0,0,42330420747,3735928559,65000
1660050320842407949,31910235917,0,0,42330482454,3735928559,65000
1660050320903524963,31971352931,1,2147483648,42330548860,3735928559,65000
1660050320964641933,32032469901,1,2147483648,42330580048,3735928559,65000
1660050321025758930,32093586898,0,0,42330611543,3735928559,65000
1660050321086875891,32154703859,0,0,42330643037,3735928559,65000
1660050321147992854,32215820822,1,2147483648,42330674531,3735928559,65000
1660050321209109832,32276937800,0,0,42330706025,3735928559,65000
1660050321270226824,32338054792,0,0,42330737519,3735928559,65000
1660050321331343801,32399171769,1,2147483648,42330769013,3735928559,65000
1660050321392460826,32460288794,1,2147483648,42330800446,3735928559,65000
1660050321453577754,32521405722,0,0,42330832489,3735928559,65000
1660050321514694796,32582522764,0,0,42330863983,3735928559,65000
1660050321575811774,32643639742,0,0,42330895477,3735928559,65000
1660050321636928723,32704756691,0,0,42330926910,3735928559,65000
1660050321698045737,32765873705,0,0,42330958404,3735928559,65000
1660050321759162670,32826990638,0,0,42330990692,3735928559,65000
1660050321820279705,32888107673,1,2147483648,42331022247,3735928559,65000
1660050321881396655,32949224623,0,0,42331053802,3735928559,65000
1660050321942513601,33010341569,0,0,42331085846,3735928559,65000
1660050322003630611,33071458579,0,0,42331117279,3735928559,65000
1660050322064747787,33132575755,1,2147483648,42331148834,3735928559,65000
1660050322125864598,33193692566,0,0,42331180267,3735928559,65000
1660050322186981557,33254809525,0,0,42331211822,3735928559,65000
1660050322248098500,33315926468,1,2147483648,42331243316,3735928559,65000
1660050322309215524,33377043492,0,0,42331274749,3735928559,65000
1660050322370332472,33438160440,0,0,42331306243,3735928559,65000
1660050322431449455,33499277423,1,2147483648,42331337676,3735928559,65000
1660050322492566478,33560394446,0,0,42331369719,3735928559,65000
1660050322553683414,33621511382,1,2147483648,42331401152,3735928559,65000
1660050322614800379,33682628347,1,2147483648,42331432646,3735928559,65000
1660050322675917339,33743745307,0,0,42331464140,3735928559,65000
1660050322737034359,33804862327,1,2147483648,42331495573,3735928559,65000
1660050322798151320,33865979288,0,0,42331527006,3735928559,65000
1660050322859268350,33927096318,0,0,42331558440,3735928559,65000
1660050322920385361,33988213329,0,0,42331608854,3735928559,65000
1660050322981502248,34049330216,0,0,42331690519,3735928559,65000
1660050323042619223,34110447191,0,0,42331766569,3735928559,65000
1660050323103736223,34171564191,0,0,42331825407,3735928559,65000
1660050323164853209,34232681177,0,0,42331910611,3735928559,65000
1660050323225970240,34293798208,0,0,42331996305,3735928559,65000
1660050323287087192,34354915160,0,0,42332070279,3735928559,65000
1660050323348204128,34416032096,0,0,42332133084,3735928559,65000
1660050323409321158,34477149126,0,0,42332218472,3735928559,65000
1660050323470438090,34538266058,0,0,42332302639,3735928559,65000
1660050323531555125,34599383093,0,0,42332377834,3735928559,65000
1660050323592672124,34660500092,0,0,42332441006,3735928559,65000
1660050323653789158,34721617126,0,0,42332525051,3735928559,65000
1660050323714906072,34782734040,0,0,42332609035,3735928559,65000
1660050323776023010,34843850978,0,0,42332686610,3735928559,65000
1660050323837140257,34904968225,0,0,42332753383,3735928559,65000
1660050323898256950,34966084918,0,0,42332830775,3735928559,65000
1660050323959373983,35027201951,0,0,42332915187,3735928559,65000
1660050324020490992,35088318960,0,0,42332997218,3735928559,65000
1660050324081607902,35149435870,0,0,42333062891,3735928559,65000
1660050324142725312,35210553280,0,0,42333135828,3735928559,65000
1660050324203841894,35271669862,0,0,42333220423,3735928559,65000
1660050324264959183,35332787151,0,0,42333305994,3735928559,65000
1660050324326075855,35393903823,0,0,42333371850,3735928559,65000
1660050324387192884,35455020852,0,0,42333441552,3735928559,65000
1660050324448309801,35516137769,0,0,42333526147,3735928559,65000
1660050324509426809,35577254777,0,0,42333610802,3735928559,65000
1660050324570543779,35638371747,0,0,42333681603,3735928559,65000
1660050324631660766,35699488734,0,0,42333747826,3735928559,65000
1660050324692777723,35760605691,0,0,42333832237,3735928559,65000
1660050324753894738,35821722706,0,0,42333916771,3735928559,65000
1660050324815011687,35882839655,0,0,42333992088,3735928559,65000
1660050324876128697,35943956665,0,0,42334054100,3735928559,65000
1660050324937245664,36005073632,1,2147483648,42334092857,3735928559,65000
1660050324998362629,36066190597,1,2147483648,42334124412,3735928559,65000
1660050325059479632,36127307600,0,0,42334156455,3735928559,65000
1660050325120596582,36188424550,1,2147483648,42334188255,3735928559,65000
1660050325181713586,36249541554,1,2147483648,42334219749,3735928559,65000
1660050325242830543,36310658511,0,0,42334251243,3735928559,65000
1660050325303947550,36371775518,1,2147483648,42334282981,3735928559,65000
1660050325365064539,36432892507,1,2147483648,42334314414,3735928559,65000
1660050325426181446,36494009414,0,0,42334345908,3735928559,65000
1660050325487298439,36555126407,0,0,42334377402,3735928559,65000
1660050325548415413,36616243381,0,0,42334408896,3735928559,65000
1660050325609532472,36677360440,0,0,42334440939,3735928559,65000
1660050325670649399,36738477367,1,2147483648,42334472372,3735928559,65000
1660050325731766346,36799594314,1,2147483648,42334503867,3735928559,65000
1660050325792883354,36860711322,0,0,42334535361,3735928559,65000
1660050325854000348,36921828316,0,0,42334566794,3735928559,65000
1660050325915117338,36982945306,0,0,42334598288,3735928559,65000
1660050325976234274,37044062242,0,0,42334629721,3735928559,65000
1660050326037351545,37105179513,0,0,42334661215,3735928559,65000
1660050326098468232,37166296200,0,0,42334692709,3735928559,65000
1660050326159585260,37227413228,0,0,42334724691,3735928559,65000
1660050326220702216,37288530184,0,0,42334756124,3735928559,65000
1660050326281819219,37349647187,0,0,42334787618,3735928559,65000
1660050326342936210,37410764178,0,0,42334819051,3735928559,65000
1660050326404053119,37471881087,0,0,42334850545,3735928559,65000
1660050326465170125,37532998093,1,2147483648,42334881978,3735928559,65000
1660050326526287128,37594115096,0,0,42334913472,3735928559,65000
1660050326587404117,37655232085,1,2147483648,42334944905,3735928559,65000
1660050326648521073,37716349041,1,2147483648,42334976949,3735928559,65000
1660050326709638111,37777466079,0,0,42335008443,3735928559,65000
1660050326770755088,37838583056,0,0,42335039876,3735928559,65000
1660050326831872012,37899699980,1,2147483648,42335071919,3735928559,65000
1660050326892989000,37960816968,0,0,42335104268,3735928559,65000
1660050326954106025,38021933993,0,0,42335178731,3735928559,65000
1660050327015222920,38083050888,0,0,42335243000,3735928559,65000
1660050327076339967,38144167935,0,0,42335326130,3735928559,65000
1660050327137456917,38205284885,0,0,42335407124,3735928559,65000
1660050327198573949,38266401917,0,0,42335474445,3735928559,65000
1660050327259690927,38327518895,0,0,42335549945,3735928559,65000
1660050327320807935,38388635903,0,0,42335636188,3735928559,65000
1660050327381925069,38449753037,0,0,42335718707,3735928559,65000
1660050327443041831,38510869799,0,0,42335783038,3735928559,65000
1660050327504158901,38571986869,0,0,42335857623,3735928559,65000
1660050327565275774,38633103742,0,0,42335942461,3735928559,65000
1660050327626392771,38694220739,0,0,42336028155,3735928559,65000
1660050327687509772,38755337740,0,0,42336094256,3735928559,65000
1660050327748626756,38816454724,0,0,42336164019,3735928559,65000
1660050327809743984,38877571952,0,0,42336247698,3735928559,65000
1660050327870860653,38938688621,0,0,42336333574,3735928559,65000
1660050327931977697,38999805665,0,0,42336402665,3735928559,65000
1660050327993094612,39060922580,0,0,42336470231,3735928559,65000
1660050328054211661,39122039629,0,0,42336555558,3735928559,65000
1660050328115328566,39183156534,0,0,42336640214,3735928559,65000
1660050328176445550,39244273518,0,0,42336714310,3735928559,65000
1660050328237562564,39305390532,0,0,42336777115,3735928559,65000
1660050328298679551,39366507519,0,0,42336862625,3735928559,65000
1660050328359796563,39427624531,0,0,42336946548,3735928559,65000
1660050328420913534,39488741502,0,0,42337023147,3735928559,65000
1660050328482030496,39549858464,0,0,42337086379,3735928559,65000
1660050328543147505,39610975473,0,0,42337168838,3735928559,65000
1660050328604264425,39672092393,0,0,42337253921,3735928559,65000
1660050328665381462,39733209430,0,0,42337332106,3735928559,65000
1660050328726498402,39794326370,0,0,42337399123,3735928559,65000
1660050328787615342,39855443310,0,0,42337474623,3735928559,65000
1660050328848732367,39916560335,0,0,42337559157,3735928559,65000
1660050328909849364,39977677332,0,0,42337616102,3735928559,65000
1660050328970966280,40038794248,1,2147483648,42337645826,3735928559,65000
1660050329032083336,40099911304,1,2147483648,42337677320,3735928559,65000
1660050329093200314,40161028282,0,0,42337708875,3735928559,65000
1660050329154317261,40222145229,1,2147483648,42337740308,3735928559,65000
1660050329215434218,40283262186,1,2147483648,42337771803,3735928559,65000
1660050329276551206,40344379174,0,0,42337803846,3735928559,65000
1660050329337668230,40405496198,0,0,42337835340,3735928559,65000
1660050329398785157,40466613125,1,2147483648,42337866773,3735928559,65000
1660050329459902171,40527730139,0,0,42337898206,3735928559,65000
1660050329521019153,40588847121,0,0,42337929700,3735928559,65000
1660050329582136147,40649964115,0,0,42337961133,3735928559,65000
1660050329643253153,40711081121,0,0,42337992566,3735928559,65000
1660050329704370128,40772198096,0,0,42338024060,3735928559,65000
1660050329765487095,40833315063,0,0,42338056043,3735928559,65000
1660050329826604080,40894432048,0,0,42338087659,3735928559,65000
1660050329887721066,40955549034,1,2147483648,42338119153,3735928559,65000
1660050329948838027,41016665995,1,2147483648,42338150586,3735928559,65000
1660050330009955301,41077783269,0,0,42338182263,3735928559,65000
1660050330071071996,41138899964,0,0,42338213757,3735928559,65000
1660050330132188948,41200016916,1,2147483648,42338245251,3735928559,65000
1660050330193305973,41261133941,0,0,42338276745,3735928559,65000
1660050330254422904,41322250872,1,2147483648,42338308239,3735928559,65000
1660050330315539912,41383367880,1,2147483648,42338340221,3735928559,65000
1660050330376656892,41444484860,1,2147483648,42338371654,3735928559,65000
1660050330437773825,41505601793,1,2147483648,42338403515,3735928559,65000
1660050330498890788,41566718756,1,2147483648,42338434948,3735928559,65000
1660050330560007835,41627835803,0,0,42338466442,3735928559,65000
1660050330621124794,41688952762,0,0,42338497936,3735928559,65000
1660050330682241803,41750069771,1,2147483648,42338529369,3735928559,65000
1660050330743358733,41811186701,0,0,42338560802,3735928559,65000
1660050330804475757,41872303725,1,2147483648,42338592845,3735928559,65000
1660050330865592662,41933420630,1,2147483648,42338624278,3735928559,65000
1660050330926709687,41994537655,0,0,42338670970,3735928559,65000
1660050330987826641,42055654609,0,0,42338752818,3735928559,65000
1660050331048943678,42116771646,0,0,42338825267,3735928559,65000
1660050331110060602,42177888570,0,0,42338890025,3735928559,65000
1660050331171177575,42239005543,0,0,42338975413,3735928559,65000
1660050331232294568,42300122536,0,0,42339060129,3735928559,65000
1660050331293411560,42361239528,0,0,42339134165,3735928559,65000
1660050331354528752,42422356720,0,0,42339196726,3735928559,65000
1660050331415645503,42483473471,0,0,42339282541,3735928559,65000
1660050331476762557,42544590525,0,0,42339367807,3735928559,65000
1660050331537879488,42605707456,0,0,42339442025,3735928559,65000
1660050331598996443,42666824411,0,0,42339506722,3735928559,65000
1660050331660113426,42727941394,0,0,42339589303,3735928559,65000
1660050331721230440,42789058408,0,0,42339674447,3735928559,65000
1660050331782347684,42850175652,0,0,42339752571,3735928559,65000
1660050331843464397,42911292365,0,0,42339819710,3735928559,65000
1660050331904581338,42972409306,0,0,42339896004,3735928559,65000
1660050331965698389,43033526357,0,0,42339981697,3735928559,65000
1660050332026815327,43094643295,0,0,42340062080,3735928559,65000
1660050332087932373,43155760341,0,0,42340127998,3735928559,65000
1660050332149049250,43216877218,0,0,42340202521,3735928559,65000
1660050332210166272,43277994240,0,0,42340287543,3735928559,65000
1660050332271283202,43339111170,0,0,42340371771,3735928559,65000
1660050332332400258,43400228226,0,0,42340437689,3735928559,65000
1660050332393540494,43461368462,0,0,42340509161,3735928559,65000
1660050332454634293,43522462261,0,0,42340594244,3735928559,65000
1660050332515751199,43583579167,0,0,42340679327,3735928559,65000
1660050332576868113,43644696081,0,0,42340748602,3735928559,65000
1660050332637985124,43705813092,0,0,42340815496,3735928559,65000
1660050332699102117,43766930085,0,0,42340899602,3735928559,65000
1660050332760219170,43828047138,0,0,42340985112,3735928559,65000
1660050332821336124,43889164092,0,0,42341059026,3735928559,65000
1660050332882453043,43950281011,0,0,42341121342,3735928559,65000
1660050332943570067,44011398035,0,0,42341172490,3735928559,65000
1660050333004686986,44072514954,1,2147483648,42341204106,3735928559,65000
1660050333065804032,44133632000,0,0,42341235600,3735928559,65000
1660050333126920941,44194748909,0,0,42341267155,3735928559,65000
1660050333188037921,44255865889,1,2147483648,42341298588,3735928559,65000
1660050333249154893,44316982861,1,2147483648,42341330082,3735928559,65000
1660050333310271953,44378099921,0,0,42341361576,3735928559,65000
1660050333371388877,44439216845,0,0,42341393070,3735928559,65000
1660050333432505848,44500333816,0,0,42341425052,3735928559,65000
1660050333493622833,44561450801,1,2147483648,42341456547,3735928559,65000
1660050333554739961,44622567929,0,0,42341488102,3735928559,65000
1660050333615856800,44683684768,0,0,42341519596,3735928559,65000
1660050333676973746,44744801714,0,0,42341551029,3735928559,65000
1660050333738090770,44805918738,1,2147483648,42341582523,3735928559,65000
1660050333799207743,44867035711,0,0,42341613956,3735928559,65000
1660050333860324763,44928152731,1,2147483648,42341645450,3735928559,65000
1660050333921441721,44989269689,0,0,42341676944,3735928559,65000
1660050333982558652,45050386620,1,2147483648,42341708926,3735928559,65000
1660050334043675706,45111503674,0,0,42341740420,3735928559,65000
1660050334104792684,45172620652,1,2147483648,42341771853,3735928559,65000
1660050334165909623,45233737591,1,2147483648,42341803347,3735928559,65000
1660050334227026619,45294854587,1,2147483648,42341834780,3735928559,65000
1660050334288143620,45355971588,1,2147483648,42341866213,3735928559,65000
1660050334349260560,45417088528,1,2147483648,42341897707,3735928559,65000
1660050334410377586,45478205554,0,0,42341929202,3735928559,65000
1660050334471494528,45539322496,1,2147483648,42341961184,3735928559,65000
1660050334532611551,45600439519,1,2147483648,42341992678,3735928559,65000
1660050334593728508,45661556476,0,0,42342024111,3735928559,65000
1660050334654845419,45722673387,1,2147483648,42342055605,3735928559,65000
1660050334715962451,45783790419,0,0,42342087038,3735928559,65000
1660050334777079412,45844907380,0,0,42342118471,3735928559,65000
1660050334838196418,45906024386,1,2147483648,42342149965,3735928559,65000
1660050334899313430,45967141398,1,2147483648,42342181398,3735928559,65000
1660050334960430412,46028258380,0,0,42342242494,3735928559,65000
1660050335021547372,46089375340,0,0,42342322145,3735928559,65000
1660050335082664391,46150492359,0,0,42342408876,3735928559,65000
1660050335143781351,46211609319,0,0,42342487855,3735928559,65000
1660050335204898324,46272726292,0,0,42342553529,3735928559,65000
1660050335266015250,46333843218,0,0,42342629212,3735928559,65000
1660050335327132269,46394960237,0,0,42342714600,3735928559,65000
1660050335388249197,46456077165,0,0,42342796997,3735928559,65000
1660050335449366256,46517194224,0,0,42342862976,3735928559,65000
1660050335510483237,46578311205,0,0,42342935730,3735928559,65000
1660050335571600244,46639428212,0,0,42343020813,3735928559,65000
1660050335632717260,46700545228,0,0,42343106628,3735928559,65000
1660050335693834124,46761662092,0,0,42343172729,3735928559,65000
1660050335754951144,46822779112,0,0,42343242431,3735928559,65000
1660050335816068160,46883896128,0,0,42343327269,3735928559,65000
1660050335877185059,46945013027,0,0,42343412474,3735928559,65000
1660050335938302082,47006130050,0,0,42343483397,3735928559,65000
1660050335999418992,47067246960,0,0,42343548826,3735928559,65000
1660050336060536014,47128363982,0,0,42343634336,3735928559,65000
1660050336121653084,47189481052,0,0,42343723814,3735928559,65000
1660050336182769991,47250597959,0,0,42343796995,3735928559,65000
1660050336243887059,47311715027,0,0,42343860410,3735928559,65000
1660050336305003954,47372831922,0,0,42343945066,3735928559,65000
1660050336366121034,47433949002,0,0,42344031369,3735928559,65000
1660050336427237942,47495065910,0,0,42344105527,3735928559,65000
1660050336488354839,47556182807,0,0,42344167355,3735928559,65000
1660050336549471809,47617299777,0,0,42344253292,3735928559,65000
1660050336610588862,47678416830,0,0,42344337521,3735928559,65000
1660050336671705845,47739533813,0,0,42344413631,3735928559,65000
1660050336732822791,47800650759,0,0,42344480098,3735928559,65000
1660050336793939813,47861767781,0,0,42344560054,3735928559,65000
1660050336855056718,47922884686,0,0,42344645442,3735928559,65000
1660050336916173697,47984001665,0,0,42344711116,3735928559,65000
1660050336977290686,48045118654,0,0,42344739436,3735928559,65000
1660050337038407682,48106235650,0,0,42344770930,3735928559,65000
1660050337099524704,48167352672,0,0,42344803035,3735928559,65000
1660050337160641684,48228469652,0,0,42344834529,3735928559,65000
1660050337221758584,48289586552,0,0,42344866023,3735928559,65000
1660050337282875593,48350703561,0,0,42344897517,3735928559,65000
1660050337343992572,48411820540,0,0,42344929011,3735928559,65000
1660050337405109570,48472937538,0,0,42344960505,3735928559,65000
1660050337466226522,48534054490,0,0,42344991938,3735928559,65000
1660050337527343711,48595171679,0,0,42345023432,3735928559,65000
1660050337588460505,48656288473,0,0,42345055414,3735928559,65000
1660050337649577510,48717405478,1,2147483648,42345086908,3735928559,65000
1660050337710694465,48778522433,1,2147483648,42345118341,3735928559,65000
1660050337771811469,48839639437,0,0,42345149835,3735928559,65000
1660050337832928418,48900756386,1,2147483648,42345181268,3735928559,65000
1660050337894045385,48961873353,1,2147483648,42345212762,3735928559,65000
1660050337955162429,49022990397,0,0,42345244195,3735928559,65000
1660050338016279401,49084107369,0,0,42345275690,3735928559,65000
1660050338077396381,49145224349,0,0,42345307672,3735928559,65000
1660050338138513368,49206341336,0,0,42345339166,3735928559,65000
1660050338199630329,49267458297,0,0,42345370721,3735928559,65000
1660050338260747259,49328575227,0,0,42345402154,3735928559,65000
1660050338321864269,49389692237,0,0,42345433648,3735928559,65000
1660050338382981264,49450809232,0,0,42345465142,3735928559,65000
1660050338444098227,49511926195,0,0,42345496575,3735928559,65000
1660050338505215216,49573043184,0,0,42345528008,3735928559,65000
1660050338566332232,49634160200,0,0,42345559502,3735928559,65000
1660050338627449143,49695277111,1,2147483648,42345591485,3735928559,65000
1660050338688566191,49756394159,1,2147483648,42345622979,3735928559,65000
1660050338749683084,49817511052,0,0,42345654412,3735928559,65000
1660050338810800098,49878628066,0,0,42345685906,3735928559,65000
1660050338871917057,49939745025,0,0,42345717400,3735928559,65000
1660050338933034074,50000862042,0,0,42345760674,3735928559,65000
1660050338994150999,50061978967,0,0,42345840019,3735928559,65000
1660050339055267996,50123095964,0,0,42345905693,3735928559,65000
1660050339116385045,50184213013,0,0,42345980949,3735928559,65000
1660050339177502048,50245330016,0,0,42346065727,3735928559,65000
1660050339238618987,50306446955,0,0,42346147819,3735928559,65000
1660050339299735938,50367563906,0,0,42346213492,3735928559,65000
1660050339360852957,50428680925,0,0,42346287284,3735928559,65000
1660050339421969888,50489797856,0,0,42346372061,3735928559,65000
1660050339483086897,50550914865,0,0,42346457815,3735928559,65000
1660050339544203823,50612031791,0,0,42346522513,3735928559,65000
1660050339605320935,50673148903,0,0,42346592520,3735928559,65000
1660050339666437898,50734265866,0,0,42346677175,3735928559,65000
1660050339727555181,50795383149,0,0,42346763174,3735928559,65000
1660050339788671873,50856499841,0,0,42346832082,3735928559,65000
1660050339849788755,50917616723,0,0,42346899098,3735928559,65000
1660050339910905795,50978733763,0,0,42346983083,3735928559,65000
1660050339972022765,51039850733,0,0,42347068349,3735928559,65000
1660050340033139753,51100967721,0,0,42347141957,3735928559,65000
1660050340094256673,51162084641,0,0,42347205433,3735928559,65000
1660050340155373718,51223201686,0,0,42347290882,3735928559,65000
1660050340216490647,51284318615,0,0,42347375477,3735928559,65000
1660050340277607584,51345435552,0,0,42347449329,3735928559,65000
1660050340338724646,51406552614,0,0,42347512256,3735928559,65000
1660050340399841599,51467669567,0,0,42347597034,3735928559,65000
1660050340460958602,51528786570,0,0,42347682117,3735928559,65000
1660050340522075556,51589903524,0,0,42347758105,3735928559,65000
1660050340583192501,51651020469,0,0,42347822985,3735928559,65000
1660050340644309544,51712137512,0,0,42347903002,3735928559,65000
1660050340705426541,51773254509,0,0,42347988512,3735928559,65000
1660050340766543421,51834371389,0,0,42348067125,3735928559,65000
1660050340827660484,51895488452,0,0,42348134081,3735928559,65000
1660050340888777430,51956605398,0,0,42348209032,3735928559,65000
1660050340949894410,52017722378,1,2147483648,42348265062,3735928559,65000
1660050341011011417,52078839385,0,0,42348296190,3735928559,65000
1660050341072128378,52139956346,0,0,42348327684,3735928559,65000
1660050341133245353,52201073321,1,2147483648,42348359178,3735928559,65000
1660050341194362356,52262190324,1,2147483648,42348390672,3735928559,65000
1660050341255479343,52323307311,0,0,42348422654,3735928559,65000
1660050341316596317,52384424285,0,0,42348454148,3735928559,65000
1660050341377713242,52445541210,0,0,42348485703,3735928559,65000
1660050341438830281,52506658249,1,2147483648,42348517136,3735928559,65000
1660050341499947490,52567775458,1,2147483648,42348548630,3735928559,65000
1660050341561064243,52628892211,1,2147483648,42348580063,3735928559,65000
1660050341622181174,52690009142,0,0,42348611557,3735928559,65000
1660050341683298153,52751126121,1,2147483648,42348642991,3735928559,65000
1660050341744415127,52812243095,0,0,42348675034,3735928559,65000
1660050341805532137,52873360105,0,0,42348706467,3735928559,65000
1660050341866649106,52934477074,1,2147483648,42348737961,3735928559,65000
1660050341927766063,52995594031,0,0,42348769394,3735928559,65000
1660050341988883042,53056711010,1,2147483648,42348800888,3735928559,65000
1660050342050000060,53117828028,0,0,42348832321,3735928559,65000
1660050342111117070,53178945038,0,0,42348863815,3735928559,65000
1660050342172234030,53240061998,0,0,42348895309,3735928559,65000
1660050342233350971,53301178939,0,0,42348926742,3735928559,65000
1660050342294467921,53362295889,0,0,42348958725,3735928559,65000
1660050342355584925,53423412893,1,2147483648,42348990219,3735928559,65000
1660050342416701969,53484529937,1,2147483648,42349021713,3735928559,65000
1660050342477818923,53545646891,0,0,42349053146,3735928559,65000
1660050342538935900,53606763868,1,2147483648,42349084640,3735928559,65000
1660050342600052869,53667880837,1,2147483648,42349116134,3735928559,65000
1660050342661169808,53728997776,0,0,42349147567,3735928559,65000
1660050342722286823,53790114791,1,2147483648,42349179000,3735928559,65000
1660050342783403832,53851231800,1,2147483648,42349211043,3735928559,65000
1660050342844520811,53912348779,0,0,42349242537,3735928559,65000
1660050342905637725,53973465693,1,2147483648,42349274031,3735928559,65000
1660050342966754741,54034582709,0,0,42349324080,3735928559,65000
1660050343027871794,54095699762,0,0,42349406538,3735928559,65000
1660050343088988690,54156816658,0,0,42349487532,3735928559,65000
1660050343150105660,54217933628,0,0,42349552473,3735928559,65000
1660050343211222651,54279050619,0,0,42349628523,3735928559,65000
1660050343272339875,54340167843,0,0,42349714094,3735928559,65000
1660050343333456579,54401284547,0,0,42349794599,3735928559,65000
1660050343394573612,54462401580,0,0,42349860517,3735928559,65000
1660050343455690660,54523518628,0,0,42349935040,3735928559,65000
1660050343516807613,54584635581,0,0,42350019940,3735928559,65000
1660050343577924530,54645752498,0,0,42350104168,3735928559,65000
1660050343639041486,54706869454,0,0,42350169720,3735928559,65000
1660050343700158728,54767986696,0,0,42350240460,3735928559,65000
1660050343761275483,54829103451,0,0,42350325237,3735928559,65000
1660050343822392428,54890220396,0,0,42350411235,3735928559,65000
1660050343883509473,54951337441,0,0,42350480571,3735928559,65000
1660050343944626409,55012454377,0,0,42350547527,3735928559,65000
1660050344005743435,55073571403,0,0,42350631511,3735928559,65000
1660050344066860469,55134688437,0,0,42350716899,3735928559,65000
1660050344127977391,55195805359,0,0,42350790934,3735928559,65000
1660050344189094392,55256922360,0,0,42350853861,3735928559,65000
1660050344250211612,55318039580,0,0,42350939249,3735928559,65000
1660050344311328366,55379156334,0,0,42351022989,3735928559,65000
1660050344372445242,55440273210,0,0,42351098184,3735928559,65000
1660050344433562269,55501390237,0,0,42351161417,3735928559,65000
1660050344494679233,55562507201,0,0,42351245401,3735928559,65000
1660050344555796190,55623624158,0,0,42351329385,3735928559,65000
1660050344616913308,55684741276,0,0,42351406777,3735928559,65000
1660050344678030226,55745858194,0,0,42351473550,3735928559,65000
1660050344739147217,55806975185,0,0,42351551491,3735928559,65000
1660050344800264213,55868092181,0,0,42351637001,3735928559,65000
1660050344861381132,55929209100,0,0,42351717446,3735928559,65000
1660050344922498154,55990326122,0,0,42351782509,3735928559,65000
1660050344983615105,56051443073,0,0,42351813087,3735928559,65000
1660050345044732251,56112560219,0,0,42351844581,3735928559,65000
1660050345105849075,56173677043,1,2147483648,42351876014,3735928559,65000
1660050345166965985,56234793953,0,0,42351907570,3735928559,65000
1660050345228083040,56295911008,0,0,42351939186,3735928559,65000
1660050345289199982,56357027950,1,2147483648,42351970680,3735928559,65000
1660050345350316991,56418144959,1,2147483648,42352002113,3735928559,65000
1660050345411433931,56479261899,0,0,42352034156,3735928559,65000
1660050345472550921,56540378889,0,0,42352065589,3735928559,65000
1660050345533667928,56601495896,1,2147483648,42352097083,3735928559,65000
1660050345594784889,56662612857,0,0,42352128516,3735928559,65000
1660050345655901875,56723729843,0,0,42352159949,3735928559,65000
1660050345717018850,56784846818,1,2147483648,42352191443,3735928559,65000
1660050345778135794,56845963762,0,0,42352222998,3735928559,65000
1660050345839252764,56907080732,0,0,42352254431,3735928559,65000
1660050345900369809,56968197777,1,2147483648,42352286414,3735928559,65000
1660050345961486783,57029314751,0,0,42352317908,3735928559,65000
1660050346022603754,57090431722,1,2147483648,42352349341,3735928559,65000
1660050346083720695,57151548663,0,0,42352380957,3735928559,65000
1660050346144837709,57212665677,0,0,42352412451,3735928559,65000
1660050346205954675,57273782643,0,0,42352444189,3735928559,65000
1660050346267071647,57334899615,0,0,42352475683,3735928559,65000
1660050346328188606,57396016574,0,0,42352507116,3735928559,65000
1660050346389305604,57457133572,0,0,42352538549,3735928559,65000
1660050346450422626,57518250594,1,2147483648,42352570593,3735928559,65000
1660050346511539617,57579367585,0,0,42352602087,3735928559,65000
1660050346572656519,57640484487,0,0,42352633581,3735928559,65000
1660050346633773532,57701601500,1,2147483648,42352665014,3735928559,65000
1660050346694890546,57762718514,0,0,42352696508,3735928559,65000
1660050346756007543,57823835511,0,0,42352727941,3735928559,65000
1660050346817124535,57884952503,1,2147483648,42352759435,3735928559,65000
1660050346878241445,57946069413,0,0,42352790868,3735928559,65000
1660050346939358409,58007186377,0,0,42352827672,3735928559,65000
1660050347000475461,58068303429,0,0,42352901830,3735928559,65000
1660050347061592419,58129420387,0,0,42352964024,3735928559,65000
1660050347122709364,58190537332,0,0,42353046300,3735928559,65000
1660050347183826385,58251654353,0,0,42353126744,3735928559,65000
1660050347244943388,58312771356,0,0,42353184605,3735928559,65000
1660050347306060285,58373888253,0,0,42353265354,3735928559,65000
1660050347367177418,58435005386,0,0,42353348606,3735928559,65000
1660050347428294340,58496122308,0,0,42353415683,3735928559,65000
1660050347489411285,58557239253,0,0,42353483737,3735928559,65000
1660050347550528240,58618356208,0,0,42353566684,3735928559,65000
1660050347611645188,58679473156,0,0,42353642001,3735928559,65000
1660050347672762175,58740590143,0,0,42353701938,3735928559,65000
1660050347733879240,58801707208,0,0,42353784091,3735928559,65000
1660050347794996162,58862824130,0,0,42353868990,3735928559,65000
1660050347856113181,58923941149,0,0,42353929293,3735928559,65000
1660050347917230102,58985058070,0,0,42354002413,3735928559,65000
1660050347978347076,59046175044,0,0,42354085970,3735928559,65000
1660050348039464052,59107292020,0,0,42354158479,3735928559,65000
1660050348100581024,59168408992,0,0,42354219819,3735928559,65000
1660050348161698075,59229526043,0,0,42354301973,3735928559,65000
1660050348222814984,59290642952,0,0,42354388581,3735928559,65000
1660050348283932017,59351759985,0,0,42354454621,3735928559,65000
1660050348345049050,59412877018,0,0,42354524384,3735928559,65000
1660050348406166000,59473993968,0,0,42354609040,3735928559,65000
1660050348467283016,59535110984,0,0,42354695343,3735928559,65000
1660050348528399927,59596227895,0,0,42354764496,3735928559,65000
1660050348589517218,59657345186,0,0,42354831085,3735928559,65000
1660050348650633876,59718461844,0,0,42354915252,3735928559,65000
1660050348711750967,59779578935,0,0,42355000762,3735928559,65000
1660050348772867835,59840695803,0,0,42355074615,3735928559,65000
1660050348833984833,59901812801,0,0,42355136809,3735928559,65000
1660050348895101802,59962929770,0,0,42355222319,3735928559,65000
1660050348956218774,60024046742,0,0,42355283965,3735928559,65000
1660050349017336006,60085163974,0,0,42355314238,3735928559,65000
1660050349078452781,60146280749,0,0,42355345732,3735928559,65000
1660050349139569689,60207397657,1,2147483648,42355377226,3735928559,65000
1660050349200686725,60268514693,1,2147483648,42355408659,3735928559,65000
1660050349261803724,60329631692,0,0,42355440153,3735928559,65000
1660050349322920709,60390748677,0,0,42355471647,3735928559,65000
1660050349384037666,60451865634,1,2147483648,42355503080,3735928559,65000
1660050349445154627,60512982595,0,0,42355534513,3735928559,65000
1660050349506271602,60574099570,1,2147483648,42355566007,3735928559,65000
1660050349567388565,60635216533,1,2147483648,42355598051,3735928559,65000
1660050349628505601,60696333569,0,0,42355629484,3735928559,65000
1660050349689622515,60757450483,0,0,42355660978,3735928559,65000
1660050349750739478,60818567446,1,2147483648,42355692411,3735928559,65000
1660050349811856537,60879684505,0,0,42355723905,3735928559,65000
1660050349872973450,60940801418,0,0,42355755338,3735928559,65000
1660050349934090420,61001918388,1,2147483648,42355786771,3735928559,65000
1660050349995207423,61063035391,0,0,42355818265,3735928559,65000
1660050350056324427,61124152395,1,2147483648,42355849759,3735928559,65000
1660050350117441420,61185269388,1,2147483648,42355881742,3735928559,65000
1660050350178558401,61246386369,0,0,42355913175,3735928559,65000
1660050350239675361,61307503329,0,0,42355944669,3735928559,65000
1660050350300792359,61368620327,1,2147483648,42355976224,3735928559,65000
1660050350361909317,61429737285,0,0,42356007779,3735928559,65000
1660050350423026311,61490854279,0,0,42356039212,3735928559,65000
1660050350484143327,61551971295,1,2147483648,42356070706,3735928559,65000
1660050350545260300,61613088268,1,2147483648,42356102200,3735928559,65000
1660050350606377200,61674205168,0,0,42356134243,3735928559,65000
1660050350667494222,61735322190,1,2147483648,42356165737,3735928559,65000
1660050350728611173,61796439141,0,0,42356197231,3735928559,65000
1660050350789728331,61857556299,0,0,42356228725,3735928559,65000
1660050350850845206,61918673174,1,2147483648,42356260159,3735928559,65000
1660050350911962129,61979790097,0,0,42356291592,3735928559,65000
1660050350973079135,62040907103,0,0,42356339443,3735928559,65000
1660050351034196115,62102024083,0,0,42356420497,3735928559,65000
1660050351095313102,62163141070,0,0,42356490505,3735928559,65000
1660050351156430067,62224258035,0,0,42356555690,3735928559,65000
1660050351217547008,62285374976,0,0,42356638698,3735928559,65000
1660050351278664048,62346492016,0,0,42356715724,3735928559,65000
1660050351339781013,62407608981,0,0,42356776942,3735928559,65000
1660050351400897955,62468725923,0,0,42356860560,3735928559,65000
1660050351462014978,62529842946,0,0,42356944666,3735928559,65000
1660050351523131910,62590959878,0,0,42357021021,3735928559,65000
1660050351584248967,62652076935,0,0,42357087488,3735928559,65000
1660050351645365912,62713193880,0,0,42357165857,3735928559,65000
1660050351706482898,62774310866,0,0,42357251306,3735928559,65000
1660050351767599937,62835427905,0,0,42357331445,3735928559,65000
1660050351828716798,62896544766,0,0,42357397057,3735928559,65000
1660050351889833828,62957661796,0,0,42357472131,3735928559,65000
1660050351950950914,63018778882,0,0,42357556847,3735928559,65000
1660050352012067797,63079895765,0,0,42357640892,3735928559,65000
1660050352073184820,63141012788,0,0,42357706566,3735928559,65000
1660050352134301715,63202129683,0,0,42357778648,3735928559,65000
1660050352195418867,63263246835,0,0,42357863609,3735928559,65000
1660050352256535838,63324363806,0,0,42357949424,3735928559,65000
1660050352317652669,63385480637,0,0,42358015769,3735928559,65000
1660050352378769716,63446597684,0,0,42358084922,3735928559,65000
1660050352439886696,63507714664,0,0,42358168723,3735928559,65000
1660050352501003675,63568831643,0,0,42358255149,3735928559,65000
1660050352562120638,63629948606,0,0,42358327719,3735928559,65000
1660050352623237563,63691065531,0,0,42358391012,3735928559,65000
1660050352684354591,63752182559,0,0,42358476217,3735928559,65000
1660050352745471520,63813299488,0,0,42358560812,3735928559,65000
1660050352806588559,63874416527,0,0,42358634420,3735928559,65000
1660050352867705537,63935533505,0,0,42358697347,3735928559,65000
1660050352928822525,63996650493,0,0,42358782064,3735928559,65000
1660050352989939855,64057767823,1,2147483648,42358819112,3735928559,65000
1660050353051056479,64118884447,1,2147483648,42358850667,3735928559,65000
1660050353112173380,64180001348,0,0,42358882161,3735928559,65000
1660050353173290361,64241118329,1,2147483648,42358913655,3735928559,65000
1660050353234407431,64302235399,1,2147483648,42358945821,3735928559,65000
1660050353295524413,64363352381,1,2147483648,42358977315,3735928559,65000
1660050353356641306,64424469274,0,0,42359008748,3735928559,65000
1660050353417758358,64485586326,0,0,42359040242,3735928559,65000
1660050353478875289,64546703257,0,0,42359071675,3735928559,65000
1660050353539992295,64607820263,1,2147483648,42359103169,3735928559,65000
1660050353601109218,64668937186,1,2147483648,42359134602,3735928559,65000
1660050353662226274,64730054242,0,0,42359166096,3735928559,65000
1660050353723343185,64791171153,1,2147483648,42359198078,3735928559,65000
1660050353784460252,64852288220,1,2147483648,42359229572,3735928559,65000
1660050353845577155,64913405123,0,0,42359261005,3735928559,65000
1660050353906694123,64974522091,1,2147483648,42359292499,3735928559,65000
1660050353967811122,65035639090,0,0,42359323932,3735928559,65000
1660050354028928096,65096756064,0,0,42359355426,3735928559,65000
1660050354090045142,65157873110,0,0,42359386859,3735928559,65000
1660050354151162137,65218990105,1,2147483648,42359418293,3735928559,65000
1660050354212279041,65280107009,0,0,42359449787,3735928559,65000
1660050354273396051,65341224019,0,0,42359481830,3735928559,65000
1660050354334513061,65402341029,0,0,42359513202,3735928559,65000
1660050354395630028,65463457996,0,0,42359544696,3735928559,65000
1660050354456747005,65524574973,0,0,42359576190,3735928559,65000
1660050354517863948,65585691916,1,2147483648,42359607623,3735928559,65000
1660050354578980909,65646808877,1,2147483648,42359639056,3735928559,65000
1660050354640097878,65707925846,0,0,42359670550,3735928559,65000
1660050354701214896,65769042864,1,2147483648,42359701983,3735928559,65000
1660050354762332185,65830160153,0,0,42359734027,3735928559,65000
1660050354823448910,65891276878,1,2147483648,42359765460,3735928559,65000
1660050354884565809,65952393777,0,0,42359796893,3735928559,65000
1660050354945682809,66013510777,0,0,42359828387,3735928559,65000
1660050355006799824,66074627792,0,0,42359893267,3735928559,65000
1660050355067916752,66135744720,0,0,42359968279,3735928559,65000
1660050355129033861,66196861829,0,0,42360053972,3735928559,65000
1660050355190150711,66257978679,0,0,42360138078,3735928559,65000
1660050355251268061,66319096029,0,0,42360202470,3735928559,65000
1660050355312384785,66380212753,0,0,42360274614,3735928559,65000
1660050355373501853,66441329821,0,0,42360359208,3735928559,65000
1660050355434618750,66502446718,0,0,42360445206,3735928559,65000
1660050355495735653,66563563621,0,0,42360511490,3735928559,65000
1660050355556852631,66624680599,0,0,42360581437,3735928559,65000
1660050355617969689,66685797657,0,0,42360666458,3735928559,65000
1660050355679086558,66746914526,0,0,42360752701,3735928559,65000
1660050355740203607,66808031575,0,0,42360822220,3735928559,65000
1660050355801320643,66869148611,0,0,42360889114,3735928559,65000
1660050355862437507,66930265475,0,0,42360973220,3735928559,65000
1660050355923554491,66991382459,0,0,42361058974,3735928559,65000
1660050355984671450,67052499418,0,0,42361133193,3735928559,65000
1660050356045788492,67113616460,0,0,42361196486,3735928559,65000
1660050356106905480,67174733448,0,0,42361282607,3735928559,65000
1660050356168022578,67235850546,0,0,42361370375,3735928559,65000
1660050356229139372,67296967340,0,0,42361444960,3735928559,65000
1660050356290256374,67358084342,0,0,42361507582,3735928559,65000
1660050356351373423,67419201391,0,0,42361594007,3735928559,65000
1660050356412490357,67480318325,0,0,42361678724,3735928559,65000
1660050356473607378,67541435346,0,0,42361755384,3735928559,65000
1660050356534724343,67602552311,0,0,42361818982,3735928559,65000
1660050356595841663,67663669631,0,0,42361901807,3735928559,65000
1660050356656958253,67724786221,0,0,42361987256,3735928559,65000
1660050356718075294,67785903262,0,0,42362063855,3735928559,65000
1660050356779192297,67847020265,0,0,42362131054,3735928559,65000
1660050356840309259,67908137227,0,0,42362209911,3735928559,65000
1660050356901426231,67969254199,0,0,42362295421,3735928559,65000
1660050356962543187,68030371155,0,0,42362356884,3735928559,65000
1660050357023660125,68091488093,1,2147483648,42362386119,3735928559,65000
1660050357084777102,68152605070,0,0,42362417674,3735928559,65000
1660050357145894149,68213722117,0,0,42362449169,3735928559,65000
1660050357207011043,68274839011,1,2147483648,42362480724,3735928559,65000
1660050357268128039,68335956007,1,2147483648,42362512157,3735928559,65000
1660050357329245043,68397073011,0,0,42362543590,3735928559,65000
1660050357390362012,68458189980,1,2147483648,42362575633,3735928559,65000
1660050357451479053,68519307021,1,2147483648,42362607127,3735928559,65000
1660050357512595990,68580423958,0,0,42362639109,3735928559,65000
1660050357573712943,68641540911,1,2147483648,42362670542,3735928559,65000
1660050357634829921,68702657889,0,0,42362702037,3735928559,65000
1660050357695946967,68763774935,0,0,42362733470,3735928559,65000
1660050357757063921,68824891889,0,0,42362764964,3735928559,65000
1660050357818180840,68886008808,0,0,42362796458,3735928559,65000
1660050357879297873,68947125841,0,0,42362828562,3735928559,65000
1660050357940414830,69008242798,0,0,42362860056,3735928559,65000
1660050358001531800,69069359768,1,2147483648,42362891550,3735928559,65000
1660050358062648770,69130476738,0,0,42362923044,3735928559,65000
1660050358123765740,69191593708,1,2147483648,42362954477,3735928559,65000
1660050358184882789,69252710757,1,2147483648,42362985971,3735928559,65000
1660050358245999774,69313827742,0,0,42363017404,3735928559,65000
1660050358307116913,69374944881,0,0,42363048898,3735928559,65000
1660050358368233690,69436061658,1,2147483648,42363080331,3735928559,65000
1660050358429350651,69497178619,0,0,42363112375,3735928559,65000
1660050358490467634,69558295602,0,0,42363143808,3735928559,65000
1660050358551584695,69619412663,1,2147483648,42363175302,3735928559,65000
1660050358612701616,69680529584,0,0,42363206796,3735928559,65000
1660050358673818636,69741646604,1,2147483648,42363238229,3735928559,65000
1660050358734935553,69802763521,1,2147483648,42363269723,3735928559,65000
1660050358796052521,69863880489,0,0,42363301156,3735928559,65000
1660050358857169592,69924997560,0,0,42363332589,3735928559,65000
1660050358918286489,69986114457,1,2147483648,42363364083,3735928559,65000
1660050358979403462,70047231430,0,0,42363408273,3735928559,65000
1660050359040520512,70108348480,0,0,42363490365,3735928559,65000
1660050359101637451,70169465419,0,0,42363549813,3735928559,65000
1660050359162754506,70230582474,0,0,42363626045,3735928559,65000
1660050359223871406,70291699374,0,0,42363711067,3735928559,65000
1660050359284988437,70352816405,0,0,42363787666,3735928559,65000
1660050359346105422,70413933390,0,0,42363852851,3735928559,65000
1660050359407222373,70475050341,0,0,42363933418,3735928559,65000
1660050359468339348,70536167316,0,0,42364018806,3735928559,65000
1660050359529456297,70597284265,0,0,42364097358,3735928559,65000
1660050359590573283,70658401251,0,0,42364164374,3735928559,65000
1660050359651690259,70719518227,0,0,42364240180,3735928559,65000
1660050359712807259,70780635227,0,0,42364326056,3735928559,65000
1660050359773924253,70841752221,0,0,42364408819,3735928559,65000
1660050359835041264,70902869232,0,0,42364474737,3735928559,65000
1660050359896158159,70963986127,0,0,42364546880,3735928559,65000
1660050359957275253,71025103221,0,0,42364633367,3735928559,65000
1660050360018392122,71086220090,0,0,42364722600,3735928559,65000
1660050360079509444,71147337412,0,0,42364786504,3735928559,65000
1660050360140626203,71208454171,0,0,42364858830,3735928559,65000
1660050360201743199,71269571167,0,0,42364944096,3735928559,65000
1660050360262860115,71330688083,0,0,42365030034,3735928559,65000
1660050360323977042,71391805010,0,0,42365097904,3735928559,65000
1660050360385094045,71452922013,0,0,42365165531,3735928559,65000
1660050360446211051,71514039019,0,0,42365250614,3735928559,65000
1660050360507328419,71575156387,0,0,42365336307,3735928559,65000
1660050360568445003,71636272971,0,0,42365409061,3735928559,65000
1660050360629561948,71697389916,0,0,42365473331,3735928559,65000
1660050360690678992,71758506960,0,0,42365557986,3735928559,65000
1660050360751796016,71819623984,0,0,42365645633,3735928559,65000
1660050360812912926,71880740894,0,0,42365720828,3735928559,65000
1660050360874029881,71941857849,0,0,42365783327,3735928559,65000
1660050360935146831,72002974799,0,0,42365869448,3735928559,65000
1660050360996263866,72064091834,1,2147483648,42365916079,3735928559,65000
1660050361057380827,72125208795,0,0,42365948488,3735928559,65000
1660050361118497803,72186325771,1,2147483648,42365980043,3735928559,65000
1660050361179614833,72247442801,0,0,42366011537,3735928559,65000
1660050361240731762,72308559730,1,2147483648,42366043031,3735928559,65000
1660050361301848750,72369676718,1,2147483648,42366074525,3735928559,65000
1660050361362965695,72430793663,0,0,42366106020,3735928559,65000
1660050361424082732,72491910700,0,0,42366137453,3735928559,65000
1660050361485199705,72553027673,0,0,42366168947,3735928559,65000
1660050361546316711,72614144679,0,0,42366200990,3735928559,65000
1660050361607433663,72675261631,0,0,42366232423,3735928559,65000
1660050361668550660,72736378628,1,2147483648,42366263917,3735928559,65000
1660050361729667599,72797495567,0,0,42366295350,3735928559,65000
1660050361790784576,72858612544,1,2147483648,42366326844,3735928559,65000
1660050361851901554,72919729522,1,2147483648,42366358277,3735928559,65000
1660050361913018578,72980846546,1,2147483648,42366389771,3735928559,65000
1660050361974135487,73041963455,0,0,42366421204,3735928559,65000
1660050362035252509,73103080477,0,0,42366452759,3735928559,65000
1660050362096369461,73164197429,0,0,42366484742,3735928559,65000
1660050362157486494,73225314462,1,2147483648,42366516297,3735928559,65000
1660050362218603450,73286431418,0,0,42366547730,3735928559,65000
1660050362279720748,73347548716,0,0,42366579163,3735928559,65000
1660050362340837440,73408665408,1,2147483648,42366610657,3735928559,65000
1660050362401954362,73469782330,1,2147483648,42366642090,3735928559,65000
1660050362463071328,73530899296,0,0,42366673584,3735928559,65000
1660050362524188303,73592016271,0,0,42366705017,3735928559,65000
1660050362585305342,73653133310,0,0,42366737060,3735928559,65000
1660050362646422267,73714250235,0,0,42366768493,3735928559,65000
1660050362707539250,73775367218,1,2147483648,42366799987,3735928559,65000
1660050362768656267,73836484235,0,0,42366831421,3735928559,65000
1660050362829773276,73897601244,0,0,42366862854,3735928559,65000
1660050362890890266,73958718234,0,0,42366894348,3735928559,65000
1660050362952007208,74019835176,0,0,42366925781,3735928559,65000
1660050363013124165,74080952133,0,0,42366977355,3735928559,65000
1660050363074241142,74142069110,0,0,42367060668,3735928559,65000
1660050363135358272,74203186240,0,0,42367146361,3735928559,65000
1660050363196475336,74264303304,0,0,42367213072,3735928559,65000
1660050363257592090,74325420058,0,0,42367283018,3735928559,65000
1660050363318709191,74386537159,0,0,42367368284,3735928559,65000
1660050363379826129,74447654097,0,0,42367453123,3735928559,65000
1660050363440943072,74508771040,0,0,42367524168,3735928559,65000
1660050363502060036,74569888004,0,0,42367589780,3735928559,65000
1660050363563176977,74631004945,0,0,42367675046,3735928559,65000
1660050363624294038,74692122006,0,0,42367759153,3735928559,65000
1660050363685410945,74753238913,0,0,42367833493,3735928559,65000
1660050363746527923,74814355891,0,0,42367897641,3735928559,65000
1660050363807644918,74875472886,0,0,42367982235,3735928559,65000
1660050363868761919,74936589887,0,0,42368067379,3735928559,65000
1660050363929878927,74997706895,0,0,42368142819,3735928559,65000
1660050363990995904,75058823872,0,0,42368206173,3735928559,65000
1660050364052112836,75119940804,0,0,42368289791,3735928559,65000
1660050364113229792,75181057760,0,0,42368374080,3735928559,65000
1660050364174346800,75242174768,0,0,42368452571,3735928559,65000
1660050364235463820,75303291788,0,0,42368519649,3735928559,65000
1660050364296580761,75364408729,0,0,42368595576,3735928559,65000
1660050364357697711,75425525679,0,0,42368681086,3735928559,65000
1660050364418814730,75486642698,0,0,42368763483,3735928559,65000
1660050364479931727,75547759695,0,0,42368829340,3735928559,65000
1660050364541048678,75608876646,0,0,42368901850,3735928559,65000
1660050364602165743,75669993711,0,0,42368986566,3735928559,65000
1660050364663282622,75731110590,0,0,42369072321,3735928559,65000
1660050364724399641,75792227609,0,0,42369138544,3735928559,65000
1660050364785516648,75853344616,0,0,42369207879,3735928559,65000
1660050364846633610,75914461578,0,0,42369291863,3735928559,65000
1660050364907750687,75975578655,0,0,42369378289,3735928559,65000
1660050364968867578,76036695546,0,0,42369444146,3735928559,65000
1660050365029984546,76097812514,0,0,42369472954,3735928559,65000
1660050365091101483,76158929451,1,2147483648,42369504448,3735928559,65000
1660050365152218479,76220046447,1,2147483648,42369535942,3735928559,65000
1660050365213335494,76281163462,0,0,42369567986,3735928559,65000
1660050365274452434,76342280402,0,0,42369599480,3735928559,65000
1660050365335569464,76403397432,1,2147483648,42369630913,3735928559,65000
1660050365396686374,76464514342,0,0,42369662407,3735928559,65000
1660050365457803392,76525631360,0,0,42369693901,3735928559,65000
1660050365518920400,76586748368,0,0,42369725334,3735928559,65000
1660050365580037360,76647865328,0,0,42369756828,3735928559,65000
1660050365641154323,76708982291,0,0,42369788261,3735928559,65000
1660050365702271258,76770099226,1,2147483648,42369820427,3735928559,65000
1660050365763388260,76831216228,0,0,42369851921,3735928559,65000
1660050365824505388,76892333356,1,2147483648,42369883354,3735928559,65000
1660050365885622233,76953450201,1,2147483648,42369914848,3735928559,65000
1660050365946739221,77014567189,0,0,42369946281,3735928559,65000
1660050366007856164,77075684132,0,0,42369977775,3735928559,65000
1660050366068973174,77136801142,1,2147483648,42370009269,3735928559,65000
1660050366130090142,77197918110,1,2147483648,42370040763,3735928559,65000
1660050366191207105,77259035073,0,0,42370072257,3735928559,65000
1660050366252324092,77320152060,1,2147483648,42370104300,3735928559,65000
1660050366313441105,77381269073,0,0,42370135794,3735928559,65000
1660050366374558047,77442386015,0,0,42370167227,3735928559,65000
1660050366435675025,77503502993,0,0,42370198660,3735928559,65000
1660050366496792069,77564620037,0,0,42370230154,3735928559,65000
1660050366557909000,77625736968,1,2147483648,42370261588,3735928559,65000
1660050366619026025,77686853993,1,2147483648,42370293082,3735928559,65000
1660050366680143012,77747970980,0,0,42370324576,3735928559,65000
1660050366741259944,77809087912,0,0,42370356009,3735928559,65000
1660050366802376909,77870204877,0,0,42370388052,3735928559,65000
1660050366863493898,77931321866,0,0,42370419485,3735928559,65000
1660050366924610880,77992438848,0,0,42370450979,3735928559,65000
1660050366985727888,78053555856,1,2147483648,42370490652,3735928559,65000
1660050367046844932,78114672900,0,0,42370565420,3735928559,65000
1660050367107961831,78175789799,0,0,42370625112,3735928559,65000
1660050367169078788,78236906756,0,0,42370708242,3735928559,65000
1660050367230195853,78298023821,0,0,42370794972,3735928559,65000
1660050367291312789,78359140757,0,0,42370859608,3735928559,65000
1660050367352429770,78420257738,0,0,42370931202,3735928559,65000
1660050367413546877,78481374845,0,0,42371016713,3735928559,65000
1660050367474663796,78542491764,0,0,42371102772,3735928559,65000
1660050367535780661,78603608629,0,0,42371170826,3735928559,65000
1660050367596897677,78664725645,0,0,42371238514,3735928559,65000
1660050367658014686,78725842654,0,0,42371323474,3735928559,65000
1660050367719131782,78786959750,0,0,42371408801,3735928559,65000
1660050367780248644,78848076612,0,0,42371481555,3735928559,65000
1660050367841365642,78909193610,0,0,42371544848,3735928559,65000
1660050367902482591,78970310559,0,0,42371630114,3735928559,65000
1660050367963599534,79031427502,0,0,42371715014,3735928559,65000
1660050368024716914,79092544882,0,0,42371790392,3735928559,65000
1660050368085833557,79153661525,0,0,42371852160,3735928559,65000
1660050368146950495,79214778463,0,0,42371938280,3735928559,65000
1660050368208067534,79275895502,0,0,42372022997,3735928559,65000
1660050368269184512,79337012480,0,0,42372099107,3735928559,65000
1660050368330301478,79398129446,0,0,42372163926,3735928559,65000
1660050368391418405,79459246373,0,0,42372245408,3735928559,65000
1660050368452535368,79520363336,0,0,42372329697,3735928559,65000
1660050368513652434,79581480402,0,0,42372409775,3735928559,65000
1660050368574769362,79642597330,0,0,42372475388,3735928559,65000
1660050368635886340,79703714308,0,0,42372550766,3735928559,65000
1660050368697003299,79764831267,0,0,42372636520,3735928559,65000
1660050368758120322,79825948290,0,0,42372719162,3735928559,65000
1660050368819237257,79887065225,0,0,42372785202,3735928559,65000
1660050368880354306,79948182274,0,0,42372857223,3735928559,65000
1660050368941471347,80009299315,0,0,42372941940,3735928559,65000
1660050369002588216,80070416184,0,0,42372995101,3735928559,65000
1660050369063705158,80131533126,1,2147483648,42373025313,3735928559,65000
1660050369124822222,80192650190,1,2147483648,42373056807,3735928559,65000
1660050369185939132,80253767100,1,2147483648,42373088301,3735928559,65000
1660050369247056108,80314884076,0,0,42373119796,3735928559,65000
1660050369308173155,80376001123,0,0,42373151229,3735928559,65000
1660050369369290136,80437118104,0,0,42373183272,3735928559,65000
1660050369430407111,80498235079,0,0,42373214766,3735928559,65000
1660050369491524055,80559352023,0,0,42373246748,3735928559,65000
1660050369552641033,80620469001,1,2147483648,42373278242,3735928559,65000
1660050369613757986,80681585954,0,0,42373309797,3735928559,65000
1660050369674874970,80742702938,1,2147483648,42373341292,3735928559,65000
1660050369735992025,80803819993,1,2147483648,42373372725,3735928559,65000
1660050369797109290,80864937258,0,0,42373404219,3735928559,65000
1660050369858225926,80926053894,0,0,42373436201,3735928559,65000
1660050369919342901,80987170869,1,2147483648,42373467695,3735928559,65000
1660050369980459886,81048287854,0,0,42373499128,3735928559,65000
1660050370041576842,81109404810,0,0,42373530622,3735928559,65000
1660050370102693843,81170521811,0,0,42373562055,3735928559,65000
1660050370163810855,81231638823,0,0,42373593549,3735928559,65000
1660050370224927800,81292755768,1,2147483648,42373625043,3735928559,65000
1660050370286044851,81353872819,0,0,42373656537,3735928559,65000
1660050370347161784,81414989752,0,0,42373688031,3735928559,65000
1660050370408278798,81476106766,1,2147483648,42373720014,3735928559,65000
1660050370469395709,81537223677,1,2147483648,42373751508,3735928559,65000
1660050370530512705,81598340673,0,0,42373782941,3735928559,65000
1660050370591629670,81659457638,0,0,42373817487,3735928559,65000
1660050370652746673,81720574641,0,0,42373848981,3735928559,65000
1660050370713863667,81781691635,0,0,42373880475,3735928559,65000
1660050370774980621,81842808589,0,0,42373912091,3735928559,65000
1660050370836097620,81903925588,1,2147483648,42373943524,3735928559,65000
1660050370897214642,81965042610,0,0,42373975018,3735928559,65000
1660050370958331573,82026159541,1,2147483648,42374007000,3735928559,65000
1660050371019448548,82087276516,0,0,42374055035,3735928559,65000
1660050371080565550,82148393518,0,0,42374137127,3735928559,65000
1660050371141682534,82209510502,0,0,42374209514,3735928559,65000
1660050371202799504,82270627472,0,0,42374271465,3735928559,65000
1660050371263916557,82331744525,0,0,42374354350,3735928559,65000
1660050371325033468,82392861436,0,0,42374437053,3735928559,65000
1660050371386150435,82453978403,0,0,42374495158,3735928559,65000
1660050371447267383,82515095351,0,0,42374574931,3735928559,65000
1660050371508384401,82576212369,0,0,42374657633,3735928559,65000
1660050371569501759,82637329727,0,0,42374726481,3735928559,65000
1660050371630618319,82698446287,0,0,42374792032,3735928559,65000
1660050371691735349,82759563317,0,0,42374875040,3735928559,65000
1660050371752852354,82820680322,0,0,42374952555,3735928559,65000
1660050371813969357,82881797325,0,0,42375010294,3735928559,65000
1660050371875086290,82942914258,0,0,42375093301,3735928559,65000
1660050371936203232,83004031200,0,0,42375177591,3735928559,65000
1660050371997320234,83065148202,0,0,42375241494,3735928559,65000
1660050372058437252,83126265220,0,0,42375311990,3735928559,65000
1660050372119554216,83187382184,0,0,42375395974,3735928559,65000
1660050372180671210,83248499178,0,0,42375470253,3735928559,65000
1660050372241788135,83309616103,0,0,42375536598,3735928559,65000
1660050372302905151,83370733119,0,0,42375617287,3735928559,65000
1660050372364022158,83431850126,0,0,42375702431,3735928559,65000
1660050372425139132,83492967100,0,0,42375780860,3735928559,65000
1660050372486256056,83554084024,0,0,42375847938,3735928559,65000
1660050372547373152,83615201120,0,0,42375923682,3735928559,65000
1660050372608490045,83676318013,0,0,42376008460,3735928559,65000
1660050372669607001,83737434969,0,0,42376092322,3735928559,65000
1660050372730724006,83798551974,0,0,42376156836,3735928559,65000
1660050372791841011,83859668979,0,0,42376230444,3735928559,65000
1660050372852958340,83920786308,0,0,42376314184,3735928559,65000
1660050372914074998,83981902966,0,0,42376399755,3735928559,65000
1660050372975191934,84043019902,0,0,42376467748,3735928559,65000
1660050373036308938,84104136906,0,0,42376503881,3735928559,65000
1660050373097425912,84165253880,1,2147483648,42376535375,3735928559,65000
1660050373158542889,84226370857,1,2147483648,42376566869,3735928559,65000
1660050373219659816,84287487784,0,0,42376598363,3735928559,65000
1660050373280776824,84348604792,0,0,42376629857,3735928559,65000
1660050373341893971,84409721939,0,0,42376661351,3735928559,65000
1660050373403010816,84470838784,1,2147483648,42376692784,3735928559,65000
1660050373464127721,84531955689,0,0,42376724217,3735928559,65000
1660050373525244701,84593072669,0,0,42376756261,3735928559,65000
1660050373586361694,84654189662,1,2147483648,42376787755,3735928559,65000
1660050373647478752,84715306720,0,0,42376819249,3735928559,65000
1660050373708595715,84776423683,0,0,42376850743,3735928559,65000
1660050373769712709,84837540677,1,2147483648,42376882176,3735928559,65000
1660050373830829652,84898657620,0,0,42376913792,3735928559,65000
1660050373891946631,84959774599,0,0,42376945897,3221340382,65000
1660050373953063625,85020891593,0,0,42376977391,3221340382,65000
1660050374014180621,85082008589,0,0,42377008885,3221340382,65000
1660050374075297597,85143125565,0,0,42377040867,3221340382,65000
1660050374136414562,85204242530,1,2147483648,42377072361,3221340382,65000
1660050374197531545,85265359513,0,0,42377103855,3221340382,65000
1660050374258648469,85326476437,0,0,42377135288,3221340382,65000
1660050374319765499,85387593467,0,0,42377166721,3221340382,65000
1660050374380882420,85448710388,0,0,42377198215,3221340382,65000
1660050374441999440,85509827408,0,0,42377229648,3221340382,65000
1660050374503116459,85570944427,0,0,42377261142,3221340382,65000
1660050374564233360,85632061328,0,0,42377293186,3221340382,65000
1660050374625350390,85693178358,0,0,42377324619,3221340382,65000
1660050374686467373,85754295341,0,0,42377356113,3221340382,65000
1660050374747584308,85815412276,0,0,42377387607,3221340382,65000
1660050374808701302,85876529270,0,0,42377419040,3221340382,65000
1660050374869818282,85937646250,0,0,42377450473,3221340382,65000
1660050374930935242,85998763210,0,0,42377481967,3221340382,65000
1660050374992052267,86059880235,0,0,42377513583,3221340382,65000
1660050375053169232,86120997200,0,0,42377582186,3221340382,65000
1660050375114286469,86182114437,0,0,42377652865,3221340382,65000
1660050375175403407,86243231375,0,0,42377736910,3221340382,65000
1660050375236520216,86304348184,0,0,42377812777,3221340382,65000
1660050375297637177,86365465145,0,0,42377871981,3221340382,65000
1660050375358754127,86426582095,0,0,42377954439,3221340382,65000
1660050375419871158,86487699126,0,0,42378040742,3221340382,65000
1660050375480988170,86548816138,0,0,42378100923,3221340382,65000
1660050375542105114,86609933082,0,0,42378176301,3221340382,65000
1660050375603222158,86671050126,0,0,42378262238,3221340382,65000
1660050375664339011,86732166979,0,0,42378345063,3221340382,65000
1660050375725456009,86793283977,0,0,42378409516,3221340382,65000
1660050375786572996,86854400964,0,0,42378483551,3221340382,65000
1660050375847689949,86915517917,0,0,42378568451,3221340382,65000
1660050375908806946,86976634914,0,0,42378654754,3221340382,65000
1660050375969923917,87037751885,0,0,42378719757,3221340382,65000
1660050376031040962,87098868930,0,0,42378790313,3221340382,65000
1660050376092157871,87159985839,0,0,42378875884,3221340382,65000
1660050376153274946,87221102914,0,0,42378962066,3221340382,65000
1660050376214391866,87282219834,0,0,42379031707,3221340382,65000
1660050376275508829,87343336797,0,0,42379098784,3221340382,65000
1660050376336626175,87404454143,0,0,42379183440,3221340382,65000
1660050376397742800,87465570768,0,0,42379270354,3221340382,65000
1660050376458859800,87526687768,0,0,42379343351,3221340382,65000
1660050376519976774,87587804742,0,0,42379406034,3221340382,65000
1660050376581093753,87648921721,0,0,42379491911,3221340382,65000
1660050376642210689,87710038657,0,0,42379575956,3221340382,65000
1660050376703327710,87771155678,0,0,42379651456,3221340382,65000
1660050376764444702,87832272670,0,0,42379716336,3221340382,65000
1660050376825561688,87893389656,0,0,42379799039,3221340382,65000
1660050376886678780,87954506748,0,0,42379884488,3221340382,65000
1660050376947795674,88015623642,0,0,42379961514,3221340382,65000
1660050377008912598,88076740566,0,0,42380016689,3221340382,65000
1660050377070029584,88137857552,1,2147483648,42380047390,3221340382,65000
1660050377131146566,88198974534,0,0,42380078884,3221340382,65000
1660050377192263548,88260091516,0,0,42380110928,3221340382,65000
1660050377253380545,88321208513,1,2147483648,42380142483,3221340382,65000
1660050377314497869,88382325837,1,2147483648,42380173977,3221340382,65000
1660050377375614527,88443442495,0,0,42380205410,3221340382,65000
1660050377436731472,88504559440,1,2147483648,42380236904,3221340382,65000
1660050377497848480,88565676448,1,2147483648,42380269069,3221340382,65000
1660050377558965460,88626793428,1,2147483648,42380300563,3221340382,65000
1660050377620082447,88687910415,1,2147483648,42380332057,3221340382,65000
1660050377681199398,88749027366,1,2147483648,42380364101,3221340382,65000
1660050377742316363,88810144331,1,2147483648,42380395534,3221340382,65000
1660050377803433356,88871261324,0,0,42380427028,3221340382,65000
1660050377864550286,88932378254,0,0,42380458583,3221340382,65000
1660050377925667338,88993495306,1,2147483648,42380490077,3221340382,65000
1660050377986784305,89054612273,0,0,42380521510,3221340382,65000
1660050378047901256,89115729224,0,0,42380553004,3221340382,65000
1660050378109018263,89176846231,0,0,42380584559,3221340382,65000
1660050378170135233,89237963201,1,2147483648,42380616053,3221340382,65000
1660050378231252176,89299080144,0,0,42380648036,3221340382,65000
1660050378292369183,89360197151,0,0,42380679530,3221340382,65000
1660050378353486206,89421314174,1,2147483648,42380710963,3221340382,65000
1660050378414603136,89482431104,0,0,42380742457,3221340382,65000
1660050378475720100,89543548068,1,2147483648,42380773951,3221340382,65000
1660050378536837117,89604665085,1,2147483648,42380805384,3221340382,65000
1660050378597954132,89665782100,1,2147483648,42380836878,3221340382,65000
1660050378659071157,89726899125,0,0,42380868311,3221340382,65000
1660050378720188085,89788016053,1,2147483648,42380899805,3221340382,65000
