time,dram_rapl,hs_success_rate
0.0,0,0.0
0.24423964,0,0.0
0.48847928,0,0.0
0.73271892,63049.25,0.0
0.97695856,63033.75,0.0
1.2211982,63064.5,0.0
1.46543784,63033.75,0.0
1.70967748,63034.0,0.0
1.95391712,63064.5,0.0
2.19815676,63033.75,0.0
2.4423964,63064.5,0.0
2.68663604,63293.25,0.0
2.93087568,63079.75,0.0
3.17511532,63064.25,0.0
3.41935496,63034.0,0.0
3.6635946,63079.75,0.0
3.90783424,63064.25,0.0
4.15207388,63034.0,0.0
4.39631352,63064.5,0.0
4.64055316,63033.75,0.0
4.8847928,63034.0,0.0
5.12903244,63125.5,0.0
5.37327208,63125.25,0.0
5.61751172,63110.25,0.0
5.86175136,63125.5,0.0
6.105991,63079.75,0.0
6.35023064,63110.0,0.0
6.59447028,63140.75,0.0
6.83870992,63140.75,0.0
7.08294956,63125.5,0.0
7.3271892,63171.25,0.0
7.57142884,63049.0,0.0
7.81566848,63034.0,0.0
8.05990812,63130.666666666664,0.0
8.30414776,63049.0,0.0
8.5483874,63034.0,0.0
8.79262704,63033.75,0.0
9.03686668,63049.25,0.0
9.28110632,63064.5,0.0
9.52534596,63033.75,0.0
9.7695856,63049.25,0.0
10.01382524,63033.75,0.0
10.25806488,63049.25,0.0
10.50230452,63049.25,0.0
10.74654416,63033.75,0.0
10.9907838,63034.0,0.0
11.23502344,45425.25,0.25
11.47926308,31570.25,0.5
11.72350272,31753.5,0.25
11.96774236,31585.75,1.0
12.211982,31600.75,0.0
12.45622164,31616.25,0.75
12.70046128,31570.25,0.75
12.94470092,31555.25,0.25
13.18894056,31570.25,0.5
13.4331802,31555.0,0.0
13.67741984,31555.25,1.0
13.92165948,31555.0,0.75
14.16589912,31570.25,0.75
14.41013876,31631.5,0.75
14.6543784,31570.25,0.5
14.89861804,31555.25,0.75
15.14285768,31692.5,0.0
15.38709732,31555.0,0.5
15.63133696,31555.0,0.25
15.8755766,31555.25,0.0
16.11981624,31555.0,0.0
16.36405588,31555.0,0.25
16.60829552,31570.5,0.25
16.85253516,31555.0,0.0
17.0967748,31555.25,0.5
17.34101444,31539.75,0.25
17.58525408,31539.75,0.5
17.82949372,31570.5,0.25
18.07373336,31661.75,0.0
18.317973,31601.0,0.5
18.56221264,31570.25,0.0
18.80645228,31601.0,0.25
19.05069192,31585.5,0.5
19.29493156,31555.25,0.5
19.5391712,31555.0,0.0
19.78341084,31570.25,0.5
20.02765048,31570.5,0.5
20.27189012,31585.5,0.5
20.51612976,31555.25,0.75
20.7603694,31570.25,0.75
21.00460904,31631.5,0.25
21.24884868,55358.75,0.0
21.49308832,63049.0,0.0
21.73732796,63034.0,0.0
21.9815676,63033.75,0.0
22.22580724,63049.25,0.0
22.47004688,63064.5,0.0
22.71428652,63049.0,0.0
22.95852616,63079.75,0.0
23.2027658,63125.5,0.0
23.44700544,63064.25,0.0
23.69124508,63049.25,0.0
23.93548472,63064.5,0.0
24.17972436,63049.0,0.0
24.423964,63064.5,0.0
24.66820364,63049.25,0.0
24.91244328,63064.25,0.0
25.15668292,63034.0,0.0
25.40092256,63049.0,0.0
25.6451622,63064.5,0.0
25.88940184,63049.25,0.0
26.13364148,63049.0,0.0
26.37788112,63018.75,0.0
26.62212076,63293.25,0.0
26.8663604,62784.666666666664,0.0
27.11060004,63049.25,0.0
27.35483968,63033.75,0.0
27.59907932,63064.5,0.0
27.84331896,63033.75,0.0
28.0875586,63049.25,0.0
28.33179824,63049.25,0.0
28.57603788,63064.25,0.0
28.82027752,63018.75,0.0
29.06451716,63339.0,0.0
29.3087568,63079.75,0.0
29.55299644,63033.75,0.0
29.79723608,63064.5,0.0
30.04147572,63049.25,0.0
30.28571536,63049.0,0.0
30.529955,63034.0,0.0
30.77419464,63034.0,0.0
31.01843428,63049.0,0.0
31.26267392,63034.0,0.0
31.50691356,63064.25,0.0
31.7511532,63247.5,0.0
31.99539284,63049.25,0.0
32.23963248,53421.0,0.25
32.48387212,31555.0,0.5
32.72811176,31570.25,0.75
32.9723514,31555.25,0.25
33.21659104,31585.5,0.25
33.46083068,31570.5,0.5
33.70507032,31585.5,0.75
33.94930996,31585.75,0.75
34.1935496,31570.25,0.5
34.43778924,31555.0,0.25
34.68202888,31555.25,0.25
34.92626852,31570.25,0.0
35.17050816,31570.5,0.25
35.4147478,31555.0,0.0
35.65898744,31555.0,0.0
35.90322708,31555.25,0.5
36.14746672,31738.25,0.5
36.39170636,31555.0,0.25
36.635946,31555.0,0.75
36.88018564,31570.5,0.25
37.12442528,31570.25,0.25
37.36866492,31585.75,0.25
37.61290456,31616.0,0.25
37.8571442,31570.25,0.25
38.10138384,31585.75,0.5
38.34562348,31570.25,0.25
38.58986312,31570.5,0.5
38.83410276,31570.25,0.0
39.0783424,31570.5,0.0
39.32258204,31707.5,0.25
39.56682168,31601.0,0.25
39.81106132,31539.75,0.25
40.05530096,31555.25,0.0
40.2995406,31539.75,0.5
40.54378024,31555.0,0.75
40.78801988,31570.5,1.0
41.03225952,31539.75,0.75
41.27649916,31555.0,0.5
41.5207388,31555.25,0.0
41.76497844,31555.0,0.0
42.00921808,31555.25,0.0
42.25345772,47088.5,0.25
42.49769736,63033.75,0.0
42.741937,63049.25,0.0
42.98617664,63049.0,0.0
43.23041628,63064.5,0.0
43.47465592,63049.25,0.0
43.71889556,63049.0,0.0
43.9631352,63308.5,0.0
44.20737484,63049.25,0.0
44.45161448,63034.0,0.0
44.69585412,63018.5,0.0
44.94009376,63049.25,0.0
45.1843334,63125.5,0.0
45.42857304,63018.5,0.0
45.67281268,63110.25,0.0
45.91705232,63130.666666666664,0.0
46.16129196,63064.25,0.0
46.4055316,63034.0,0.0
46.64977124,63033.75,0.0
46.89401088,63064.5,0.0
47.13825052,63064.5,0.0
47.38249016,63079.5,0.0
47.6267298,63018.75,0.0
47.87096944,63034.0,0.0
48.11520908,63033.75,0.0
48.35944872,63049.25,0.0
48.60368836,63033.75,0.0
48.847928,63034.0,0.0
49.09216764,63049.25,0.0
49.33640728,63064.25,0.0
49.58064692,63034.0,0.0
49.82488656,63064.25,0.0
50.0691262,63034.0,0.0
50.31336584,63064.5,0.0
50.55760548,63033.75,0.0
50.80184512,63064.5,0.0
51.04608476,63064.5,0.0
51.2903244,63049.0,0.0
51.53456404,63049.25,0.0
51.77880368,63064.25,0.0
52.02304332,63034.0,0.0
52.26728296,63034.0,0.0
52.5115226,63033.75,0.0
52.75576224,63034.0,0.0
53.00000188,63278.0,0.0
53.24424152,61416.5,0.0
53.48848116,31433.0,0.0
53.7327208,31555.0,0.0
53.97696044,31738.25,0.25
54.22120008,31692.5,0.25
54.46543972,31692.25,0.25
54.70967936,31570.5,0.5
54.953919,31585.5,0.5
55.19815864,31662.0,0.5
55.44239828,31585.5,0.0
55.68663792,31601.0,0.25
55.93087756,31570.25,0.25
56.1751172,31570.5,0.5
56.41935684,31539.75,0.75
56.66359648,31707.75,0.25
56.90783612,31585.5,0.25
57.15207576,31570.5,0.75
57.3963154,31570.25,0.25
57.64055504,31631.5,0.25
57.88479468,31555.0,0.0
58.12903432,31585.5,0.25
58.37327396,31540.0,0.0
58.6175136,31555.0,0.5
58.86175324,31540.0,0.0
59.10599288,31555.0,0.0
59.35023252,31585.5,0.25
59.59447216,31570.5,0.25
59.8387118,31570.25,0.5
60.08295144,31570.5,0.25
60.32719108,31570.25,0.5
60.57143072,31555.0,0.75
60.81567036,31570.5,0.5
61.05991,31585.5,0.25
61.30414964,31570.5,0.25
61.54838928,31570.25,0.0
61.79262892,31570.5,0.0
62.03686856,31555.0,0.0
62.2811082,31570.25,0.25
62.52534784,31555.25,0.0
62.76958748,31616.0,0.25
63.01382712,31707.75,0.25
63.25806676,39245.5,0.0
63.5023064,63049.25,0.0
63.74654604,63049.0,0.0
63.99078568,63049.25,0.0
64.23502532,63064.25,0.0
64.47926496,63049.25,0.0
64.7235046,63191.666666666664,0.0
64.96774424,63033.75,0.0
65.21198388,63049.25,0.0
65.45622352,63064.5,0.0
65.70046316,63064.25,0.0
65.9447028,63064.5,0.0
66.18894244,63079.75,0.0
66.43318208,63140.75,0.0
66.67742172,63064.25,0.0
66.92166136,63064.5,0.0
67.165901,63049.0,0.0
67.41014064,63064.5,0.0
67.65438028,63049.25,0.0
67.89861992,63049.0,0.0
68.14285956,63049.25,0.0
68.3870992,63018.75,0.0
68.63133884,63079.5,0.0
68.87557848,63049.25,0.0
69.11981812,63049.0,0.0
69.36405776,63049.25,0.0
69.6082974,63049.25,0.0
69.85253704,63033.75,0.0
70.09677668,63049.25,0.0
70.34101632,63323.75,0.0
70.58525596,63034.0,0.0
70.8294956,63064.25,0.0
71.07373524,63049.25,0.0
71.31797488,63125.5,0.0
71.56221452,63033.75,0.0
71.80645416,63034.0,0.0
72.0506938,63049.25,0.0
72.29493344,63140.5,0.0
72.53917308,63064.5,0.0
72.78341272,63079.75,0.0
73.02765236,63064.25,0.0
73.271892,63095.0,0.0
73.51613164,63064.5,0.0
73.76037128,63140.75,0.0
74.00461092,63140.5,0.0
74.24885056,63095.0,0.0
74.4930902,38360.5,0.0
74.73732984,31601.0,0.75
74.98156948,31616.0,0.5
75.22580912,31601.0,0.25
75.47004876,31646.5,0.25
75.7142884,31601.0,0.5
75.95852804,31570.25,0.25
76.20276768,31585.75,0.75
76.44700732,31555.0,0.0
76.69124696,31539.75,0.75
76.9354866,31570.5,0.5
77.17972624,31570.25,0.25
77.42396588,31585.75,0.5
77.66820552,31585.5,0.25
77.91244516,31570.25,0.0
78.1566848,31570.5,0.25
78.40092444,31570.25,0.5
78.64516408,31555.25,0.0
78.88940372,31570.25,0.25
79.13364336,31570.25,0.0
79.377883,31570.5,0.75
79.62212264,31555.0,0.5
79.86636228,31631.5,0.5
80.11060192,31555.0,0.75
80.35484156,31570.5,0.5
80.5990812,31631.25,0.0
80.84332084,31738.25,0.25
81.08756048,31723.0,0.0
81.33180012,31585.5,0.5
81.57603976,31601.0,0.25
81.8202794,31585.5,0.75
82.06451904,31601.0,0.25
82.30875868,31616.0,0.0
82.55299832,31555.25,0.25
82.79723796,31555.0,0.25
83.0414776,31616.0,0.25
83.28571724,31585.75,0.75
83.52995688,31758.666666666668,0.6666666666666666
83.77419652,31585.5,0.75
84.01843616,31570.25,0.25
84.2626758,31585.75,0.0
84.50691544,54473.75,0.0
84.75115508,63049.0,0.0
84.99539472,63064.5,0.0
85.23963436,63125.5,0.0
85.483874,63064.5,0.0
85.72811364,63079.5,0.0
85.97235328,63079.75,0.0
86.21659292,63110.25,0.0
86.46083256,63079.5,0.0
86.7050722,63110.25,0.0
86.94931184,63064.5,0.0
87.19355148,63033.75,0.0
87.43779112,63324.0,0.0
87.68203076,63064.25,0.0
87.9262704,63064.5,0.0
88.17051004,63125.5,0.0
88.41474968,63140.75,0.0
88.65898932,63094.75,0.0
88.90322896,63125.5,0.0
89.1474686,63034.0,0.0
89.39170824,63049.0,0.0
89.63594788,63079.75,0.0
89.88018752,63049.25,0.0
90.12442716,63049.0,0.0
90.3686668,63034.0,0.0
90.61290644,63033.75,0.0
90.85714608,63049.25,0.0
91.10138572,63049.25,0.0
91.34562536,63033.75,0.0
91.589865,63140.75,0.0
91.83410464,63354.25,0.0
92.07834428,63079.75,0.0
92.32258392,63049.25,0.0
92.56682356,63049.0,0.0
92.8110632,63049.25,0.0
93.05530284,63079.75,0.0
93.29954248,63094.75,0.0
93.54378212,63095.0,0.0
93.78802176,63095.0,0.0
94.0322614,63079.5,0.0
94.27650104,63079.75,0.0
94.52074068,63308.5,0.0
94.76498032,63079.75,0.0
95.00921996,63079.75,0.0
95.2534596,63094.75,0.0
95.49769924,46051.0,0.25
95.74193888,31570.25,0.5
95.98617852,31555.25,0.25
96.23041816,31555.0,0.0
96.4746578,31570.5,0.0
96.71889744,31555.0,0.0
96.96313708,31570.25,0.0
97.20737672,31570.5,0.75
97.45161636,31570.25,0.0
97.695856,31707.75,0.0
97.94009564,31585.5,0.0
98.18433528,31570.5,0.0
98.42857492,31570.25,0.5
98.67281456,31570.5,0.5
98.9170542,31585.5,0.75
99.16129384,31570.5,0.75
99.40553348,31570.25,0.0
99.64977312,31555.0,0.0
99.89401276,31570.5,0.25
100.1382524,31555.0,0.25
100.38249204,31540.0,0.25
100.62673168,31555.0,0.0
100.87097132,31555.0,0.0
101.11521096,31555.25,0.5
101.3594506,31585.5,0.0
101.60369024,31570.5,0.25
101.84792988,31570.25,0.0
102.09216952,31570.25,0.25
102.33640916,31570.5,0.5
102.5806488,31616.0,0.6666666666666666
102.82488844,31555.25,0.25
103.06912808,31570.25,0.5
103.31336772,31570.25,0.5
103.55760736,31570.5,0.75
103.801847,31570.25,0.5
104.04608664,31555.25,0.5
104.29032628,31570.25,0.5
104.53456592,31555.0,0.25
104.77880556,31570.5,0.25
105.0230452,31570.25,0.75
105.26728484,31570.5,0.5
105.51152448,46615.5,0.0
105.75576412,63033.75,0.0
106.00000376,63049.25,0.0
106.2442434,63003.25,0.0
106.48848304,63049.25,0.0
106.73272268,63049.0,0.0
106.97696232,63034.0,0.0
107.22120196,63018.75,0.0
107.4654416,63033.75,0.0
107.70968124,63034.0,0.0
107.95392088,63049.0,0.0
108.19816052,63034.0,0.0
108.44240016,63034.0,0.0
108.6866398,63033.75,0.0
108.93087944,63049.25,0.0
109.17511908,63033.75,0.0
109.41935872,63079.75,0.0
109.66359836,63034.0,0.0
109.907838,63049.0,0.0
110.15207764,63049.25,0.0
110.39631728,63064.5,0.0
110.64055692,63049.0,0.0
110.88479656,63049.25,0.0
111.1290362,63049.0,0.0
111.37327584,63064.5,0.0
111.61751548,63384.75,0.0
111.86175512,63064.5,0.0
112.10599476,63095.0,0.0
112.3502344,63125.5,0.0
112.59447404,63140.5,0.0
112.83871368,63140.75,0.0
113.08295332,63125.5,0.0
113.32719296,63079.75,0.0
113.5714326,63140.75,0.0
113.81567224,63079.5,0.0
114.05991188,63049.25,0.0
114.30415152,63079.75,0.0
114.54839116,63018.5,0.0
114.7926308,63095.0,0.0
115.03687044,63049.0,0.0
115.28111008,63125.5,0.0
115.52534972,63140.75,0.0
115.76958936,63064.5,0.0
116.013829,63079.5,0.0
116.25806864,63125.5,0.0
116.50230828,54412.75,0.25
116.74654792,31570.25,0.0
116.99078756,31555.25,0.5
117.2350272,31570.25,0.5
117.47926684,31555.25,0.75
117.72350648,31570.25,0.5
117.96774612,31555.0,0.25
118.21198576,31555.25,0.5
118.4562254,31570.25,0.75
118.70046504,31555.25,0.0
118.94470468,31570.25,0.0
119.18894432,31585.5,0.5
119.43318396,31707.75,0.0
119.6774236,31570.5,0.75
119.92166324,31600.75,0.25
120.16590288,31601.0,0.0
120.41014252,31585.5,0.0
120.65438216,31555.0,0.0
120.8986218,31585.75,0.0
121.14286144,31570.25,0.0
121.38710108,31616.333333333332,1.0
121.63134072,31570.25,0.25
121.87558036,31570.5,0.5
122.11982,31570.25,0.5
122.36405964,31570.25,0.5
122.60829928,31570.5,0.75
122.85253892,31646.5,0.0
123.09677856,31555.25,0.25
123.3410182,31631.25,0.25
123.58525784,31570.5,1.0
123.82949748,31585.5,0.25
124.07373712,31692.5,0.25
124.31797676,31585.5,0.0
124.5622164,31570.5,0.25
124.80645604,31570.25,0.0
125.05069568,31570.5,0.75
125.29493532,31570.25,0.75
125.53917496,31570.25,0.0
125.7834146,31585.75,0.5
126.02765424,31570.25,0.0
126.27189388,31555.25,0.25
126.51613352,38314.75,0.5
126.76037316,63155.75,0.0
127.0046128,63064.5,0.0
127.24885244,63095.0,0.0
127.49309208,63049.0,0.0
127.73733172,63034.0,0.0
127.98157136,63095.0,0.0
128.225811,63125.25,0.0
128.47005064,63095.0,0.0
128.71429028,63369.75,0.0
128.95852992,63049.0,0.0
129.20276956,63049.25,0.0
129.4470092,63064.25,0.0
129.69124884,63049.25,0.0
129.93548848,63095.0,0.0
130.17972812,63033.75,0.0
130.42396776,63079.75,0.0
130.6682074,63095.0,0.0
130.91244704,63033.75,0.0
131.15668668,63095.0,0.0
131.40092632,63064.5,0.0
131.64516596,63156.0,0.0
131.8894056,63094.75,0.0
132.13364524,63064.5,0.0
132.37788488,63034.0,0.0
132.62212452,63049.0,0.0
132.86636416,63049.25,0.0
133.1106038,63064.25,0.0
133.35484344,63079.75,0.0
133.59908308,63034.0,0.0
133.84332272,63033.75,0.0
134.08756236,63140.75,0.0
134.331802,63049.25,0.0
134.57604164,63033.75,0.0
134.82028128,63125.5,0.0
135.06452092,63079.75,0.0
135.30876056,63079.75,0.0
135.5530002,63079.5,0.0
135.79723984,63049.25,0.0
136.04147948,63323.75,0.0
136.28571912,63064.5,0.0
136.52995876,63049.0,0.0
136.7741984,63049.25,0.0
137.01843804,63079.75,0.0
137.26267768,63049.0,0.0
137.50691732,62515.25,0.0
137.75115696,31311.0,0.0
137.9953966,31570.25,0.25
138.23963624,31570.25,0.25
138.48387588,31555.25,0.5
138.72811552,31570.25,0.25
138.97235516,31707.75,0.0
139.2165948,31570.25,0.0
139.46083444,31570.5,0.0
139.70507408,31555.0,0.25
139.94931372,31570.5,0.0
140.19355336,31433.0,0.3333333333333333
140.437793,31539.75,0.25
140.68203264,31570.25,0.25
140.92627228,31707.75,0.0
141.17051192,31570.5,0.25
141.41475156,31585.5,0.75
141.6589912,31585.5,0.0
141.90323084,31555.25,0.0
142.14747048,31555.0,0.25
142.39171012,31555.25,0.75
142.63594976,31555.0,0.75
142.8801894,31555.0,0.25
143.12442904,31540.0,0.0
143.36866868,31555.0,0.75
143.61290832,31555.0,0.25
143.85714796,31570.5,0.5
144.1013876,31555.0,0.75
144.34562724,31540.0,0.5
144.58986688,31570.25,0.25
144.83410652,31555.0,0.25
145.07834616,31555.25,0.25
145.3225858,31555.0,0.25
145.56682544,31555.0,0.0
145.81106508,31570.5,0.0
146.05530472,31570.25,0.25
146.29954436,31585.75,0.25
146.543784,31555.0,0.0
146.78802364,31585.75,0.0
147.03226328,31539.75,0.0
147.27650292,31555.0,0.25
147.52074256,31555.25,0.25
147.7649822,61874.25,0.0
148.00922184,63064.25,0.0
148.25346148,63049.25,0.0
148.49770112,63049.25,0.0
148.74194076,63064.25,0.0
148.9861804,63049.25,0.0
149.23042004,63033.75,0.0
149.47465968,63034.0,0.0
149.71889932,63049.25,0.0
149.96313896,63049.0,0.0
150.2073786,63049.25,0.0
150.45161824,63033.75,0.0
150.69585788,63034.0,0.0
150.94009752,63064.5,0.0
151.18433716,63064.25,0.0
151.4285768,63049.25,0.0
151.67281644,63491.75,0.0
151.91705608,62774.5,0.0
152.16129572,63033.75,0.0
152.40553536,63049.25,0.0
152.649775,63033.75,0.0
152.89401464,63049.25,0.0
153.13825428,63339.0,0.0
153.38249392,63079.75,0.0
153.62673356,63018.5,0.0
153.8709732,63034.0,0.0
154.11521284,63064.5,0.0
154.35945248,63033.75,0.0
154.60369212,63049.25,0.0
154.84793176,63034.0,0.0
155.0921714,63049.0,0.0
155.33641104,63095.0,0.0
155.58065068,63033.75,0.0
155.82489032,63049.25,0.0
156.06912996,63125.5,0.0
156.3133696,63110.25,0.0
156.55760924,63110.0,0.0
156.80184888,63125.5,0.0
157.04608852,63064.5,0.0
157.29032816,63064.25,0.0
157.5345678,63049.25,0.0
157.77880744,63049.25,0.0
158.02304708,63064.25,0.0
158.26728672,63049.25,0.0
158.51152636,63049.25,0.0
158.755766,39153.75,0.5
159.00000564,31570.5,0.75
159.24424528,31616.0,0.6666666666666666
159.48848492,31555.25,0.5
159.73272456,31570.25,0.25
159.9769642,31555.0,0.75
160.22120384,31585.75,0.5
160.46544348,31570.25,0.5
160.70968312,31555.25,0.25
160.95392276,31570.25,0.25
161.1981624,31555.0,0.5
161.44240204,31570.5,0.5
161.68664168,31570.25,0.5
161.93088132,31555.25,0.25
162.17512096,31570.25,0.25
162.4193606,31570.25,0.25
162.66360024,31570.5,0.0
162.90783988,31555.0,0.5
163.15207952,31570.5,0.25
163.39631916,31570.25,0.25
163.6405588,31555.0,0.5
163.88479844,31570.5,0.5
164.12903808,31570.25,0.5
164.37327772,31570.5,0.5
164.61751736,31570.25,0.75
164.861757,31555.25,0.5
165.10599664,31570.25,0.5
165.35023628,31570.25,0.5
165.59447592,31707.75,0.25
165.83871556,31417.75,0.25
166.0829552,31707.75,0.25
166.32719484,31570.25,0.25
166.57143448,31570.5,0.0
166.81567412,31570.25,0.5
167.05991376,31555.25,0.75
167.3041534,31570.25,0.5
167.54839304,31707.75,0.25
167.79263268,31585.5,0.5
168.03687232,31570.5,0.75
168.28111196,31600.75,0.75
168.5253516,31570.25,0.5
168.76959124,53497.25,0.25
169.01383088,63095.0,0.0
169.25807052,63079.75,0.0
169.50231016,63140.5,0.0
169.7465498,63339.25,0.0
169.99078944,63156.0,0.0
170.23502908,63064.25,0.0
170.47926872,63079.75,0.0
170.72350836,63064.5,0.0
170.967748,63079.5,0.0
171.21198764,63079.75,0.0
171.45622728,63049.25,0.0
171.70046692,63079.5,0.0
171.94470656,63095.0,0.0
172.1889462,63095.0,0.0
172.43318584,63094.75,0.0
172.67742548,63110.25,0.0
172.92166512,63079.75,0.0
173.16590476,63079.75,0.0
173.4101444,63094.75,0.0
173.65438404,63079.75,0.0
173.89862368,63079.75,0.0
174.14286332,63110.0,0.0
174.38710296,63079.75,0.0
174.6313426,63095.0,0.0
174.87558224,63110.25,0.0
175.11982188,63094.75,0.0
175.36406152,63064.5,0.0
175.60830116,63034.0,0.0
175.8525408,63033.75,0.0
176.09678044,63064.5,0.0
176.34102008,63018.5,0.0
176.58525972,63049.25,0.0
176.82949936,63049.25,0.0
177.073739,63125.25,0.0
177.31797864,63064.5,0.0
177.56221828,63308.5,0.0
177.80645792,63049.25,0.0
178.05069756,62764.333333333336,0.0
178.2949372,63064.25,0.0
178.53917684,63079.75,0.0
178.78341648,63095.0,0.0
179.02765612,63369.5,0.0
179.27189576,63125.5,0.0
179.5161354,63049.25,0.0
179.76037504,54778.75,0.0
180.00461468,31570.5,0.5
180.24885432,31570.25,0.0
180.49309396,31585.75,0.75
180.7373336,31631.25,0.25
180.98157324,31570.5,0.5
181.22581288,31570.25,0.0
181.47005252,31570.25,1.0
181.71429216,31585.75,0.75
181.9585318,31570.25,0.5
182.20277144,31570.5,0.25
182.44701108,31570.25,0.75
182.69125072,31707.75,0.5
182.93549036,31555.0,0.5
183.17973,31570.5,0.5
183.42396964,31570.25,0.5
183.66820928,31570.25,0.25
183.91244892,31585.75,0.5
184.15668856,31570.25,0.75
184.4009282,31555.25,0.25
184.64516784,31570.25,0.75
184.88940748,31570.5,0.75
185.13364712,31570.25,0.25
185.37788676,31570.25,0.5
185.6221264,31570.5,1.0
185.86636604,31570.25,0.25
186.11060568,31570.5,0.0
186.35484532,31570.25,0.5
186.59908496,31570.25,0.0
186.8433246,31570.5,0.25
187.08756424,31555.0,0.0
187.33180388,31585.75,0.75
187.57604352,31555.0,0.25
187.82028316,31585.75,0.75
188.0645228,31555.0,0.5
188.30876244,31585.5,0.5
188.55300208,31570.5,0.75
188.79724172,31539.75,0.5
189.04148136,31570.5,0.25
189.285721,31570.25,0.0
189.52996064,31555.0,0.75
189.77420028,45700.0,0.5
190.01843992,63049.25,0.0
190.26267956,63033.75,0.0
190.5069192,63018.75,0.0
190.75115884,63049.25,0.0
190.99539848,63049.0,0.0
191.23963812,63064.5,0.0
191.48387776,63033.75,0.0
191.7281174,63064.5,0.0
191.97235704,63034.0,0.0
192.21659668,63049.0,0.0
192.46083632,63034.0,0.0
192.70507596,63033.75,0.0
192.9493156,63049.25,0.0
193.19355524,63049.25,0.0
193.43779488,63110.0,0.0
193.68203452,63064.5,0.0
193.92627416,63110.25,0.0
194.1705138,63079.5,0.0
194.41475344,63400.25,0.0
194.65899308,63049.25,0.0
194.90323272,63155.75,0.0
195.14747236,63110.25,0.0
195.391712,63095.0,0.0
195.63595164,63079.75,0.0
195.88019128,63049.0,0.0
196.12443092,63064.5,0.0
196.36867056,63064.5,0.0
196.6129102,63079.5,0.0
196.85714984,63079.75,0.0
197.10138948,63110.0,0.0
197.34562912,63049.25,0.0
197.58986876,63110.25,0.0
197.8341084,63079.75,0.0
198.07834804,63079.5,0.0
198.32258768,63110.25,0.0
198.56682732,63064.5,0.0
198.81106696,63064.25,0.0
199.0553066,63079.75,0.0
199.29954624,63110.25,0.0
199.54378588,63064.25,0.0
199.78802552,63079.75,0.0
200.03226516,63095.0,0.0
200.2765048,63110.25,0.0
200.52074444,63094.75,0.0
200.76498408,63095.0,0.0
201.00922372,31509.25,0.5
201.25346336,31555.25,0.25
201.497703,31570.25,0.25
201.74194264,31601.0,0.0
201.98618228,31539.75,1.0
202.23042192,31555.0,0.75
202.47466156,31585.75,0.5
202.7189012,31585.5,0.75
202.96314084,31555.25,0.5
203.20738048,31570.25,0.25
203.45162012,31570.25,0.25
203.69585976,31570.5,0.25
203.9400994,31585.5,0.25
204.18433904,31570.5,0.5
204.42857868,31555.0,0.5
204.67281832,31570.25,0.75
204.91705796,31570.5,0.75
205.1612976,31555.0,0.75
205.40553724,31570.5,0.75
205.64977688,31555.0,0.5
205.89401652,31570.25,0.75
206.13825616,31555.25,0.25
206.3824958,31570.25,0.0
206.62673544,31555.25,0.25
206.87097508,31692.25,0.0
207.11521472,31555.25,0.5
207.35945436,31555.0,0.75
207.603694,31570.5,0.25
207.84793364,31555.0,0.25
208.09217328,31570.25,0.25
208.33641292,31570.5,0.5
208.58065256,31585.5,1.0
208.8248922,31555.25,1.0
209.06913184,31570.25,0.25
209.31337148,31570.25,0.25
209.55761112,31555.25,0.0
209.80185076,31570.25,0.0
210.0460904,31570.5,0.25
210.29033004,31570.25,0.25
210.53456968,31570.25,0.5
210.77880932,37490.75,0.25
211.02304896,63293.5,0.0
211.2672886,62789.75,0.0
211.51152824,63293.25,0.0
211.75576788,63247.5,0.0
212.00000752,63049.25,0.0
212.24424716,63064.25,0.0
212.4884868,63034.0,0.0
212.73272644,63033.75,0.0
212.97696608,63064.5,0.0
213.22120572,63034.0,0.0
213.46544536,63064.25,0.0
213.709685,63049.25,0.0
213.95392464,63064.5,0.0
214.19816428,63049.0,0.0
214.44240392,63049.25,0.0
214.68664356,63033.75,0.0
214.9308832,63064.5,0.0
215.17512284,63049.25,0.0
215.41936248,63049.0,0.0
215.66360212,63049.25,0.0
215.90784176,63130.333333333336,0.0
216.1520814,63049.25,0.0
216.39632104,63064.5,0.0
216.64056068,63064.25,0.0
216.88480032,63049.25,0.0
217.12903996,63125.5,0.0
217.3732796,63110.25,0.0
217.61751924,63125.25,0.0
217.86175888,63110.25,0.0
218.10599852,63095.0,0.0
218.35023816,63064.5,0.0
218.5944778,63140.5,0.0
218.83871744,63110.25,0.0
219.08295708,63186.5,0.0
219.32719672,63095.0,0.0
219.57143636,63079.5,0.0
219.815676,63064.5,0.0
220.05991564,63034.0,0.0
220.30415528,63064.25,0.0
220.54839492,63049.25,0.0
220.79263456,63308.5,0.0
221.0368742,63079.75,0.0
221.28111384,63171.25,0.0
221.52535348,63094.75,0.0
221.76959312,63064.5,0.0
222.01383276,39459.25,0.5
222.2580724,31570.25,0.5
222.50231204,31585.75,0.0
222.74655168,31570.25,0.5
222.99079132,31692.5,0.25
223.23503096,31600.75,0.25
223.4792706,31585.75,0.5
223.72351024,31585.5,0.5
223.96774988,31707.75,0.25
224.21198952,31570.25,1.0
224.45622916,31646.75,0.5
224.7004688,31555.0,1.0
224.94470844,31555.25,0.5
225.18894808,31555.0,0.5
225.43318772,31570.25,0.25
225.67742736,31555.25,0.25
225.921667,31570.25,0.25
226.16590664,31555.0,0.25
226.41014628,31585.75,0.0
226.65438592,31631.25,0.25
226.89862556,31555.25,0.5
227.1428652,31570.25,0.5
227.38710484,31570.5,0.0
227.63134448,31555.0,0.25
227.87558412,31585.75,0.5
228.11982376,31570.25,1.0
228.3640634,31555.0,0.75
228.60830304,31555.25,0.25
228.85254268,31570.25,0.0
229.09678232,31570.5,0.0
229.34102196,31570.25,0.5
229.5852616,31555.0,0.5
229.82950124,31570.5,0.25
230.07374088,31570.25,0.5
230.31798052,31555.25,0.75
230.56222016,31555.0,0.0
230.8064598,31570.25,0.25
231.05069944,31555.25,0.0
231.29493908,31707.5,0.5
231.53917872,31585.75,0.25
231.78341836,31555.0,0.0
232.027658,60897.75,0.0
232.27189764,63018.75,0.0
232.51613728,63049.0,0.0
232.76037692,63034.0,0.0
233.00461656,63079.5,0.0
233.2488562,63110.25,0.0
233.49309584,63140.75,0.0
233.73733548,63110.25,0.0
233.98157512,63079.5,0.0
234.22581476,63125.5,0.0
234.4700544,63125.5,0.0
234.71429404,63171.333333333336,0.0
234.95853368,63079.5,0.0
235.20277332,63064.5,0.0
235.44701296,63034.0,0.0
235.6912526,63049.0,0.0
235.93549224,63064.5,0.0
236.17973188,63018.5,0.0
236.42397152,63034.0,0.0
236.66821116,63049.25,0.0
236.9124508,63018.5,0.0
237.15669044,63049.25,0.0
237.40093008,63049.0,0.0
237.64516972,63064.5,0.0
237.88940936,63308.5,0.0
238.133649,63049.25,0.0
238.37788864,63049.25,0.0
238.62212828,63049.0,0.0
238.86636792,63034.0,0.0
239.11060756,63049.0,0.0
239.3548472,63049.25,0.0
239.59908684,63064.5,0.0
239.84332648,63033.75,0.0
240.08756612,63049.25,0.0
240.33180576,63064.5,0.0
240.5760454,63049.0,0.0
240.82028504,63049.25,0.0
241.06452468,63064.25,0.0
241.30876432,63018.75,0.0
241.55300396,63018.75,0.0
241.7972436,63033.75,0.0
242.04148324,63018.75,0.0
242.28572288,63064.25,0.0
242.52996252,63018.75,0.0
242.77420216,63064.5,0.0
243.0184418,47759.75,0.25
243.26268144,31570.25,0.5
243.50692108,31570.5,0.5
243.75116072,31539.75,0.5
243.99540036,31570.5,0.5
244.23964,31555.0,0.5
244.48387964,31539.75,0.5
244.72811928,31555.25,0.5
244.97235892,31555.0,0.75
245.21659856,31570.5,0.5
245.4608382,31570.25,0.75
245.70507784,31555.0,0.75
245.94931748,31555.25,0.25
246.19355712,31570.25,0.5
246.43779676,31570.5,0.25
246.6820364,31555.0,1.0
246.92627604,31555.0,0.5
247.17051568,31555.25,0.5
247.41475532,31555.0,0.75
247.65899496,31570.25,0.75
247.9032346,31570.5,0.5
248.14747424,31555.0,0.5
248.39171388,31707.75,0.25
248.63595352,31570.25,0.25
248.88019316,31555.25,0.5
249.1244328,31585.5,0.5
249.36867244,31570.5,0.25
249.61291208,31555.0,0.5
249.85715172,31570.25,0.5
250.10139136,31570.5,0.75
250.345631,31570.25,0.5
250.58987064,31570.5,1.0
250.83411028,31570.25,0.75
251.07834992,31570.5,0.25
251.32258956,31570.25,0.75
251.5668292,31570.25,0.5
251.81106884,31555.25,1.0
252.05530848,31570.25,0.5
252.29954812,31585.75,0.75
252.54378776,31570.25,0.75
252.7880274,31570.25,0.5
253.03226704,52963.25,0.25
253.27650668,63064.5,0.0
253.52074632,63049.0,0.0
253.76498596,62805.0,0.0
254.0092256,63049.25,0.0
254.25346524,63049.0,0.0
254.49770488,63308.75,0.0
254.74194452,63064.25,0.0
254.98618416,63034.0,0.0
255.2304238,63049.25,0.0
255.47466344,63094.75,0.0
255.71890308,63140.75,0.0
255.96314272,63186.5,0.0
256.20738236,63049.25,0.0
256.451622,63079.5,0.0
256.69586164,63079.75,0.0
256.94010128,63064.5,0.0
257.18434092,63018.5,0.0
257.42858056,63064.5,0.0
257.6728202,63034.0,0.0
257.91705984,63049.0,0.0
258.16129948,63049.25,0.0
258.40553912,63033.75,0.0
258.64977876,63049.25,0.0
258.8940184,63049.25,0.0
259.13825804,63018.5,0.0
259.38249768,63095.0,0.0
259.62673732,63033.75,0.0
259.87097696,63049.25,0.0
260.1152166,63095.0,0.0
260.35945624,63049.0,0.0
260.60369588,63049.25,0.0
260.84793552,63049.25,0.0
261.09217516,63110.0,0.0
261.3364148,63079.75,0.0
261.58065444,63095.0,0.0
261.82489408,63095.0,0.0
262.06913372,63308.5,0.0
262.31337336,63094.75,0.0
262.557613,63049.25,0.0
262.80185264,63095.0,0.0
263.04609228,63156.0,0.0
263.29033192,63094.75,0.0
263.53457156,63095.0,0.0
263.7788112,63064.5,0.0
264.02305084,55725.0,0.25
264.26729048,31555.0,0.75
264.51153012,31570.25,0.25
264.75576976,31570.5,0.0
265.0000094,31555.0,0.5
265.24424904,31707.75,0.25
265.48848868,31570.25,0.0
265.73272832,31570.5,0.0
265.97696796,31570.25,0.25
266.2212076,31570.5,0.25
266.46544724,31585.5,0.25
266.70968688,31570.25,0.75
266.95392652,31555.25,0.25
267.19816616,31707.75,0.25
267.4424058,31616.0,0.5
267.68664544,31601.0,0.5
267.93088508,31570.25,0.25
268.17512472,31555.0,0.75
268.41936436,31570.5,0.75
268.663604,31570.25,0.5
268.90784364,31646.75,0.25
269.15208328,31555.0,0.5
269.39632292,31570.5,0.0
269.64056256,31555.0,0.75
269.8848022,31631.5,0.25
270.12904184,31570.25,0.0
270.37328148,31570.25,0.25
270.61752112,31570.5,0.5
270.86176076,31570.25,0.5
271.1060004,31570.5,0.25
271.35024004,31555.0,0.5
271.59447968,31570.25,0.75
271.83871932,32135.0,0.0
272.08295896,31555.0,0.75
272.3271986,31601.0,0.5
272.57143824,31595.666666666668,0.6666666666666666
272.81567788,31570.5,0.5
273.05991752,31570.25,0.5
273.30415716,31570.5,0.75
273.5483968,31570.25,0.5
273.79263644,31555.0,0.0
274.03687608,36926.25,0.25
274.28111572,63018.75,0.0
274.52535536,63064.25,0.0
274.769595,63018.75,0.0
275.01383464,63049.0,0.0
275.25807428,63034.0,0.0
275.50231392,63049.25,0.0
275.74655356,63033.75,0.0
275.9907932,63095.0,0.0
276.23503284,63095.0,0.0
276.47927248,63125.25,0.0
276.72351212,63140.75,0.0
276.96775176,63140.75,0.0
277.2119914,63034.0,0.0
277.45623104,63064.25,0.0
277.70047068,63049.25,0.0
277.94471032,63049.25,0.0
278.18894996,63033.75,0.0
278.4331896,63110.25,0.0
278.67742924,63049.25,0.0
278.92166888,63308.5,0.0
279.16590852,63049.0,0.0
279.41014816,63049.25,0.0
279.6543878,63034.0,0.0
279.89862744,63079.5,0.0
280.14286708,63049.25,0.0
280.38710672,63064.5,0.0
280.63134636,63049.0,0.0
280.875586,63034.0,0.0
281.11982564,63049.0,0.0
281.36406528,63049.25,0.0
281.60830492,63034.0,0.0
281.85254456,63079.5,0.0
282.0967842,63079.75,0.0
282.34102384,63049.25,0.0
282.58526348,63064.25,0.0
282.82950312,63034.0,0.0
283.07374276,63049.0,0.0
283.3179824,63034.0,0.0
283.56222204,63064.5,0.0
283.80646168,63018.5,0.0
284.05070132,63034.0,0.0
284.29494096,63033.75,0.0
284.5391806,63049.25,0.0
284.78342024,63034.0,0.0
285.02765988,63064.25,0.0
285.27189952,32547.0,0.5
285.51613916,31570.25,0.5
285.7603788,31570.5,0.25
286.00461844,31555.0,0.0
286.24885808,31539.75,0.0
286.49309772,31540.0,0.5
286.73733736,31555.0,0.25
286.981577,31540.0,0.0
287.22581664,31539.75,0.0
287.47005628,31555.0,0.25
287.71429592,31555.25,0.5
287.95853556,31555.0,0.5
288.2027752,31555.0,0.75
288.44701484,31555.25,0.75
288.69125448,31570.25,0.5
288.93549412,31570.5,0.75
289.17973376,31570.25,0.5
289.4239734,31845.0,0.0
289.66821304,31478.75,0.25
289.91245268,31723.0,0.5
290.15669232,31570.25,0.75
290.40093196,31601.0,0.25
290.6451716,31570.25,0.75
290.88941124,31585.75,0.25
291.13365088,31570.25,0.5
291.37789052,31433.0,0.6666666666666666
291.62213016,31555.25,0.0
291.8663698,31722.75,0.5
292.11060944,31570.5,0.0
292.35484908,31585.5,0.0
292.59908872,31570.5,0.25
292.84332836,31585.5,0.0
293.087568,31555.25,0.5
293.33180764,31585.5,0.0
293.57604728,31555.0,0.25
293.82028692,31585.75,0.25
294.06452656,31570.25,0.5
294.3087662,31570.5,0.5
294.55300584,31570.25,0.5
294.79724548,31616.25,0.75
295.04148512,31631.25,0.25
295.28572476,60089.0,0.0
295.5299644,63079.75,0.0
295.77420404,63125.25,0.0
296.01844368,63308.75,0.0
296.26268332,63033.75,0.0
296.50692296,63049.25,0.0
296.7511626,63034.0,0.0
296.99540224,63064.25,0.0
297.23964188,63064.5,0.0
297.48388152,63033.75,0.0
297.72812116,63049.25,0.0
297.9723608,63034.0,0.0
298.21660044,63033.75,0.0
298.46084008,63034.0,0.0
298.70507972,63018.5,0.0
298.94931936,63049.25,0.0
299.193559,63049.25,0.0
299.43779864,63049.0,0.0
299.68203828,63034.0,0.0
299.92627792,63049.0,0.0
300.17051756,63034.0,0.0
300.4147572,63018.75,0.0
300.65899684,63049.0,0.0
300.90323648,63034.0,0.0
301.14747612,63049.0,0.0
301.39171576,63034.0,0.0
301.6359554,63049.25,0.0
301.88019504,63064.25,0.0
302.12443468,63034.0,0.0
302.36867432,63049.0,0.0
302.61291396,63049.25,0.0
302.8571536,63034.0,0.0
303.10139324,63033.75,0.0
303.34563288,63034.0,0.0
303.58987252,63308.5,0.0
303.83411216,63034.0,0.0
304.0783518,63049.0,0.0
304.32259144,63034.0,0.0
304.56683108,63064.25,0.0
304.81107072,63034.0,0.0
305.05531036,63034.0,0.0
305.29955,63064.25,0.0
305.54378964,63049.25,0.0
305.78802928,63064.5,0.0
306.03226892,63049.0,0.0
306.27650856,40420.5,0.75
306.5207482,31555.0,0.5
306.76498784,31631.5,0.5
307.00922748,31707.75,0.75
307.25346712,31570.25,0.5
307.49770676,31585.5,0.25
307.7419464,31570.5,0.25
307.98618604,31555.0,0.25
308.23042568,31570.5,0.75
308.47466532,31570.25,0.25
308.71890496,31570.25,0.75
308.9631446,31555.25,0.25
309.20738424,31570.25,0.0
309.45162388,31570.5,0.25
309.69586352,31555.0,0.0
309.94010316,31555.0,0.0
310.1843428,31570.5,0.25
310.42858244,31616.0,0.6666666666666666
310.67282208,31570.5,0.75
310.91706172,31570.25,0.5
311.16130136,31570.25,1.0
311.405541,31555.25,1.0
311.64978064,31570.25,0.5
311.89402028,31555.25,0.25
312.13825992,31570.25,0.25
312.38249956,31555.0,0.0
312.6267392,31570.5,0.0
312.87097884,31570.25,0.25
313.11521848,31570.5,0.0
313.35945812,31555.0,0.25
313.60369776,31768.75,0.25
313.8479374,31570.25,0.5
314.09217704,31570.5,0.5
314.33641668,31631.25,0.25
314.58065632,31585.75,0.5
314.82489596,31570.25,0.5
315.0691356,31570.5,0.0
315.31337524,31570.25,0.0
315.55761488,31753.5,0.25
315.80185452,31570.25,0.5
316.04609416,31768.75,0.5
316.2903338,52139.25,0.0
316.53457344,63049.0,0.0
316.77881308,63079.75,0.0
317.02305272,63049.25,0.0
317.26729236,63049.0,0.0
317.511532,63049.25,0.0
317.75577164,63003.25,0.0
318.00001128,63079.75,0.0
318.24425092,63049.25,0.0
318.48849056,63049.0,0.0
318.7327302,63034.0,0.0
318.97696984,63049.25,0.0
319.22120948,63064.25,0.0
319.46544912,63064.5,0.0
319.70968876,63049.0,0.0
319.9539284,63034.0,0.0
320.19816804,63049.25,0.0
320.44240768,63293.25,0.0
320.68664732,63079.75,0.0
320.93088696,63049.0,0.0
321.1751266,63034.0,0.0
321.41936624,63049.0,0.0
321.66360588,63095.0,0.0
321.90784552,63064.5,0.0
322.15208516,63033.75,0.0
322.3963248,63064.5,0.0
322.64056444,63034.0,0.0
322.88480408,63064.25,0.0
323.12904372,63049.25,0.0
323.37328336,63049.0,0.0
323.617523,63064.5,0.0
323.86176264,63034.0,0.0
324.10600228,63033.75,0.0
324.35024192,63049.25,0.0
324.59448156,63064.5,0.0
324.8387212,63049.0,0.0
325.08296084,63079.75,0.0
325.32720048,63079.75,0.0
325.57144012,63064.25,0.0
325.81567976,63095.0,0.0
326.0599194,63079.75,0.0
326.30415904,63049.0,0.0
326.54839868,63110.25,0.0
326.79263832,63079.75,0.0
327.03687796,63125.5,0.0
327.2811176,48721.0,0.0
327.52535724,31555.25,0.25
327.76959688,31555.0,0.75
328.01383652,31539.75,0.75
328.25807616,31555.25,0.0
328.5023158,31555.0,0.5
328.74655544,31555.25,0.25
328.99079508,31555.0,0.5
329.23503472,31616.0,0.3333333333333333
329.47927436,31555.25,0.75
329.723514,31555.0,0.75
329.96775364,31570.25,0.5
330.21199328,31555.25,0.75
330.45623292,31585.5,1.0
330.70047256,31540.0,0.0
330.9447122,31570.25,0.0
331.18895184,31570.25,0.0
331.43319148,31555.25,0.0
331.67743112,32196.0,0.25
331.92167076,31478.75,0.5
332.1659104,31555.0,0.5
332.41015004,31570.5,0.5
332.65438968,31570.25,0.25
332.89862932,31570.5,0.25
333.14286896,31570.25,0.75
333.3871086,31707.75,0.5
333.63134824,31555.0,0.75
333.87558788,31585.75,0.75
334.11982752,31570.25,0.25
334.36406716,31570.25,0.25
334.6083068,31570.5,0.25
334.85254644,31570.25,0.0
335.09678608,31570.5,0.25
335.34102572,31555.0,0.0
335.58526536,31570.25,0.25
335.829505,31738.25,0.25
336.07374464,31585.75,0.0
336.31798428,31570.25,0.0
336.56222392,31616.25,0.5
336.80646356,31570.25,0.25
337.0507032,31631.5,0.0
337.29494284,44235.0,0.0
337.53918248,63049.25,0.0
337.78342212,63049.0,0.0
338.02766176,63034.0,0.0
338.2719014,63049.0,0.0
338.51614104,63064.5,0.0
338.76038068,63049.25,0.0
339.00462032,63049.0,0.0
339.24885996,63064.5,0.0
339.4930996,63049.25,0.0
339.73733924,63033.75,0.0
339.98157888,63095.0,0.0
340.22581852,63034.0,0.0
340.47005816,63049.0,0.0
340.7142978,63064.5,0.0
340.95853744,63033.75,0.0
341.20277708,63049.25,0.0
341.44701672,63064.5,0.0
341.69125636,63033.75,0.0
341.935496,63064.5,0.0
342.17973564,63033.75,0.0
342.42397528,63049.25,0.0
342.66821492,63034.0,0.0
342.91245456,63049.0,0.0
343.1566942,63049.25,0.0
343.40093384,63033.75,0.0
343.64517348,63034.0,0.0
343.88941312,63049.25,0.0
344.13365276,63049.0,0.0
344.3778924,63034.0,0.0
344.62213204,63064.5,0.0
344.86637168,63018.5,0.0
345.11061132,63308.5,0.0
345.35485096,63049.25,0.0
345.5990906,63064.5,0.0
345.84333024,63033.75,0.0
346.08756988,63034.0,0.0
346.33180952,63049.0,0.0
346.57604916,63049.25,0.0
346.8202888,63034.0,0.0
347.06452844,63033.75,0.0
347.30876808,63034.0,0.0
347.55300772,63110.25,0.0
347.79724736,63140.5,0.0
348.041487,63171.333333333336,0.0
348.28572664,63049.25,0.0
348.52996628,33004.5,0.75
348.77420592,31570.5,0.75
349.01844556,31555.0,0.25
349.2626852,31555.25,0.75
349.50692484,31555.0,0.5
349.75116448,31555.0,0.25
349.99540412,31677.25,0.0
350.23964376,31555.0,0.0
350.4838834,31540.0,0.0
350.72812304,31555.0,0.0
350.97236268,31707.75,0.25
351.21660232,31585.5,0.75
351.46084196,31585.75,0.5
351.7050816,31555.0,0.5
351.94932124,31555.0,0.25
352.19356088,31601.0,0.25
352.43780052,31616.0,0.25
352.68204016,31570.5,0.0
352.9262798,31555.0,0.75
353.17051944,31585.75,0.5
353.41475908,31555.0,0.5
353.65899872,31570.25,1.0
353.90323836,31585.75,0.25
354.147478,31570.25,0.75
354.39171764,31570.5,0.25
354.63595728,31570.25,0.75
354.88019692,31570.5,0.0
355.12443656,31585.5,0.0
355.3686762,31570.25,0.25
355.61291584,31570.5,0.75
355.85715548,31570.25,0.5
356.10139512,31570.5,0.75
356.34563476,31555.0,0.5
356.5898744,31585.75,1.0
356.83411404,31555.0,0.25
357.07835368,31555.0,0.75
357.32259332,31570.5,0.25
357.56683296,31570.25,0.25
357.8110726,31692.5,0.75
358.05531224,31570.25,0.5
358.29955188,35873.5,0.5
358.54379152,63049.0,0.0
358.78803116,63049.25,0.0
359.0322708,63064.25,0.0
359.27651044,63049.25,0.0
359.52075008,63079.75,0.0
359.76498972,63049.0,0.0
360.00922936,63110.25,0.0
360.253469,63049.25,0.0
360.49770864,63064.25,0.0
360.74194828,63064.5,0.0
360.98618792,63018.75,0.0
361.23042756,63079.5,0.0
361.4746672,63049.25,0.0
361.71890684,63033.75,0.0
361.96314648,63293.5,0.0
362.20738612,63018.5,0.0
362.45162576,63034.0,0.0
362.6958654,63049.0,0.0
362.94010504,63049.25,0.0
363.18434468,63064.5,0.0
363.42858432,63033.75,0.0
363.67282396,63049.25,0.0
363.9170636,63064.5,0.0
364.16130324,63064.25,0.0
364.40554288,63034.0,0.0
364.64978252,63064.25,0.0
364.89402216,63064.5,0.0
365.1382618,63125.5,0.0
365.38250144,63033.75,0.0
365.62674108,63049.25,0.0
365.87098072,63095.0,0.0
366.11522036,63064.25,0.0
366.35946,63049.25,0.0
366.60369964,63095.0,0.0
366.84793928,63095.0,0.0
367.09217892,63150.666666666664,0.0
367.33641856,63079.75,0.0
367.5806582,63049.25,0.0
367.82489784,63033.75,0.0
368.06913748,63034.0,0.0
368.31337712,63079.5,0.0
368.55761676,63110.25,0.0
368.8018564,63049.25,0.0
369.04609604,63079.5,0.0
369.29033568,63079.75,0.0
369.53457532,41366.5,0.5
369.77881496,31570.25,0.5
370.0230546,31570.5,0.25
370.26729424,31570.25,0.25
370.51153388,31555.25,0.25
370.75577352,31570.25,0.5
371.00001316,31555.0,0.25
371.2442528,31570.5,0.75
371.48849244,31555.0,0.5
371.73273208,31570.5,0.5
371.97697172,31555.0,1.0
372.22121136,31570.25,0.5
372.465451,31555.25,1.0
372.70969064,31570.25,0.5
372.95393028,31555.25,0.75
373.19816992,31570.25,0.0
373.44240956,31570.25,0.0
373.6866492,31555.25,0.25
373.93088884,31570.25,0.75
374.17512848,31570.5,0.5
374.41936812,31570.25,0.25
374.66360776,31692.5,0.5
374.9078474,31555.0,0.25
375.15208704,31555.25,0.5
375.39632668,31722.75,0.25
375.64056632,31585.75,0.25
375.88480596,31570.25,0.25
376.1290456,31707.75,0.0
376.37328524,31570.25,0.5
376.61752488,31601.0,0.5
376.86176452,31631.25,0.25
377.10600416,31555.25,0.75
377.3502438,31555.0,0.25
377.59448344,31570.5,0.75
377.83872308,31570.25,0.25
378.08296272,31585.5,0.25
378.32720236,31555.25,0.5
378.571442,31585.5,0.0
378.81568164,31555.25,0.25
379.05992128,31555.0,0.5
379.30416092,31631.5,0.5
379.54840056,59432.75,0.0
379.7926402,63033.75,0.0
380.03687984,63034.0,0.0
380.28111948,63049.25,0.0
380.52535912,63018.5,0.0
380.76959876,63095.0,0.0
381.0138384,63064.5,0.0
381.25807804,63064.25,0.0
381.50231768,63064.5,0.0
381.74655732,63110.25,0.0
381.99079696,63064.25,0.0
382.2350366,63049.25,0.0
382.47927624,63033.75,0.0
382.72351588,63049.25,0.0
382.96775552,63034.0,0.0
383.21199516,63064.25,0.0
383.4562348,63034.0,0.0
383.70047444,63049.25,0.0
383.94471408,63125.25,0.0
384.18895372,63064.5,0.0
384.43319336,63064.5,0.0
384.677433,63049.0,0.0
384.92167264,63064.5,0.0
385.16591228,63049.25,0.0
385.41015192,63033.75,0.0
385.65439156,63034.0,0.0
385.8986312,63130.333333333336,0.0
386.14287084,63110.25,0.0
386.38711048,63049.25,0.0
386.63135012,63049.0,0.0
386.87558976,63049.25,0.0
387.1198294,63049.25,0.0
387.36406904,63033.75,0.0
387.60830868,63110.25,0.0
387.85254832,63125.5,0.0
388.09678796,63064.25,0.0
388.3410276,63064.5,0.0
388.58526724,63308.5,0.0
388.82950688,63034.0,0.0
389.07374652,63018.5,0.0
389.31798616,63049.25,0.0
389.5622258,63186.5,0.0
389.80646544,63079.75,0.0
390.05070508,63155.75,0.0
390.29494472,63049.25,0.0
390.53918436,49346.75,0.25
390.783424,31555.25,0.0
391.02766364,31539.75,0.25
391.27190328,31677.25,0.25
391.51614292,31570.25,0.25
391.76038256,32135.0,1.0
392.0046222,31570.25,0.5
392.24886184,31692.5,0.25
392.49310148,31600.75,0.25
392.73734112,31555.25,0.5
392.98158076,31570.25,0.75
393.2258204,31570.5,0.25
393.47006004,31585.5,0.75
393.71429968,31707.75,0.25
393.95853932,31616.0,0.25
394.20277896,31570.5,0.25
394.4470186,31570.25,0.5
394.69125824,31601.0,0.75
394.93549788,31631.25,0.75
395.17973752,31570.5,0.75
395.42397716,31570.25,0.25
395.6682168,31570.25,0.75
395.91245644,31570.5,0.0
396.15669608,31570.25,0.25
396.40093572,31555.25,0.0
396.64517536,31570.25,0.25
396.889415,31631.5,0.0
397.13365464,31570.25,0.5
397.37789428,31555.0,0.5
397.62213392,31585.75,0.0
397.86637356,31555.0,0.25
398.1106132,31555.25,0.25
398.35485284,31555.0,0.25
398.59909248,31692.5,0.25
398.84333212,31570.25,0.75
399.08757176,31570.5,0.0
399.3318114,31570.25,0.5
399.57605104,31555.0,0.5
399.82029068,31540.0,0.75
400.06453032,31555.0,0.5
400.30876996,31539.75,1.0
400.5530096,31412.666666666668,0.6666666666666666
